,FILE_NAME,MISSION_PHASE_NAME,ORBIT_NUMBER,ORBITAL_RANGE,CENTER_LATITUDE,CENTER_LONGITUDE,MAXIMUM_LATITUDE,MINIMUM_LATITUDE,EASTERNMOST_LONGITUDE,WESTERNMOST_LONGITUDE,INCIDENCE_ANGLE,EMISSION_ANGLE,PHASE_ANGLE,LOCAL_TIME,SOLAR_LONGITUDE,SUB_SOLAR_AZIMUTH,NORTH_AZIMUTH,MRO:OBSERVATION_START_TIME,START_TIME,SPACECRAFT_CLOCK_START_COUNT,STOP_TIME,SPACECRAFT_CLOCK_STOP_COUNT,PRODUCT_CREATION_TIME,SCALING_FACTOR,OFFSET,CENTER_FILTER_WAVELENGTH,IMG_URL,LABEL_URL,REQUIRED_STORAGE_BYTES
0,PSP_001330_1395_UNFILTERED_COLOR.IMG,PRIMARY SCIENCE PHASE,1330,1300 - 1399,-40.0,180.0,-40.020170309639,-40.188722312479,132.30184448302,132.25447819599,77.549611,0.286096,77.725207,15.65014,132.159723,217.433639,270.0,2006-11-08T02:30:23.273,2006-11-08T02:30:23.338,"""847420242:11163""",2016-02-28T15:03:08,"""847420245:29156""",2016-02-28T15:03:08,9.80084332531041e-05,0.011565130059751,"(900 <NM>, 700 <NM>, 500 <NM>)",https://hirise-pds.lpl.arizona.edu/PDS/RDR/PSP/ORB_001300_001399/PSP_001330_1395/PSP_001330_1395_COLOR.JP2,https://hirise-pds.lpl.arizona.edu/PDS/RDR/PSP/ORB_001300_001399/PSP_001330_1395/PSP_001330_1395_COLOR.LBL,513340368.0
1,PSP_001331_2260_UNFILTERED_COLOR.IMG,PRIMARY SCIENCE PHASE,1331,1300 - 1399,45.0,180.0,45.720510788874,45.518540634331,93.700480273296,93.651646133975,49.266034,0.368856,49.438043,15.32912,132.206407,163.606532,270.0,2006-11-08T04:49:13.820,2006-11-08T04:49:13.901,"""847428572:48036""",2016-02-28T15:34:52,"""847428576:50020""",2016-02-28T15:34:52,9.52017667845432e-05,0.035200284288922,"(900 <NM>, 700 <NM>, 500 <NM>)",https://hirise-pds.lpl.arizona.edu/PDS/RDR/PSP/ORB_001300_001399/PSP_001331_2260/PSP_001331_2260_COLOR.JP2,https://hirise-pds.lpl.arizona.edu/PDS/RDR/PSP/ORB_001300_001399/PSP_001331_2260/PSP_001331_2260_COLOR.LBL,2338790064.0
2,PSP_001332_2620_UNFILTERED_COLOR.IMG,PRIMARY SCIENCE PHASE,1332,1300 - 1399,90.0,0.0,81.870750953468,81.762476928171,48.935021734973,48.553448119363,65.012278,1.808342,63.615825,14.33872,132.247969,78.253681,221.255765,2006-11-08T06:52:50.494,2006-11-08T06:52:50.580,"""847435989:27036""",2016-02-28T15:13:18,"""847435991:42466""",2016-02-28T15:13:18,0.000177710564379545,0.040035253050214,"(900 <NM>, 700 <NM>, 500 <NM>)",https://hirise-pds.lpl.arizona.edu/PDS/RDR/PSP/ORB_001300_001399/PSP_001332_2620/PSP_001332_2620_COLOR.JP2,https://hirise-pds.lpl.arizona.edu/PDS/RDR/PSP/ORB_001300_001399/PSP_001332_2620/PSP_001332_2620_COLOR.LBL,2217111822.0
3,PSP_001333_2485_UNFILTERED_COLOR.IMG,PRIMARY SCIENCE PHASE,1333,1300 - 1399,90.0,0.0,68.190357747455,68.145081909047,33.624899837621,33.550512809573,57.52387,0.285539,57.693472,15.07509,132.284182,110.608827,236.412294,2006-11-08T08:40:31.788,2006-11-08T08:40:31.873,"""847442450:46233""",2016-02-28T15:20:44,"""847442451:49126""",2016-02-28T15:20:44,0.000120542726534344,0.040389909542275,"(900 <NM>, 700 <NM>, 500 <NM>)",https://hirise-pds.lpl.arizona.edu/PDS/RDR/PSP/ORB_001300_001399/PSP_001333_2485/PSP_001333_2485_COLOR.JP2,https://hirise-pds.lpl.arizona.edu/PDS/RDR/PSP/ORB_001300_001399/PSP_001333_2485/PSP_001333_2485_COLOR.LBL,734075784.0
4,PSP_001334_2215_UNFILTERED_COLOR.IMG,PRIMARY SCIENCE PHASE,1334,1300 - 1399,40.0,180.0,41.001676156582,40.899102078201,12.090923055983,12.046900235507,48.009637,5.989974,53.996314,15.31994,132.319002,167.43939,270.0,2006-11-08T10:24:02.774,2006-11-08T10:24:02.855,"""847448661:45017""",2016-02-28T15:10:14,"""847448663:53013""",2016-02-28T15:10:14,0.00017042402643232,0.051962056268201,"(900 <NM>, 700 <NM>, 500 <NM>)",https://hirise-pds.lpl.arizona.edu/PDS/RDR/PSP/ORB_001300_001399/PSP_001334_2215/PSP_001334_2215_COLOR.JP2,https://hirise-pds.lpl.arizona.edu/PDS/RDR/PSP/ORB_001300_001399/PSP_001334_2215/PSP_001334_2215_COLOR.LBL,1161179982.0
5,PSP_001334_2645_UNFILTERED_COLOR.IMG,PRIMARY SCIENCE PHASE,1334,1300 - 1399,90.0,0.0,84.493499977493,84.326758651222,344.0239353424,342.95242295489,66.592425,1.285366,67.694307,13.64027,132.323682,132.019452,286.511821,2006-11-08T10:37:56.824,2006-11-08T10:37:56.911,"""847449495:48701""",2016-02-28T15:39:58,"""847449499:23458""",2016-02-28T15:39:58,0.00013872983529336,0.024332356717349,"(900 <NM>, 700 <NM>, 500 <NM>)",https://hirise-pds.lpl.arizona.edu/PDS/RDR/PSP/ORB_001300_001399/PSP_001334_2645/PSP_001334_2645_COLOR.JP2,https://hirise-pds.lpl.arizona.edu/PDS/RDR/PSP/ORB_001300_001399/PSP_001334_2645/PSP_001334_2645_COLOR.LBL,3506740776.0
6,PSP_001336_1560_UNFILTERED_COLOR.IMG,PRIMARY SCIENCE PHASE,1336,1300 - 1399,-20.0,180.0,-23.68337570386,-23.986222005194,326.41011037809,326.35249762141,67.280809,0.32196,67.216594,15.58431,132.387644,213.179398,270.0,2006-11-08T13:48:03.984,2006-11-08T13:48:04.052,"""847460902:57965""",2016-02-28T18:45:49,"""847460908:43423""",2016-02-28T18:45:49,8.44518743809243e-05,0.017169071459074,"(900 <NM>, 700 <NM>, 500 <NM>)",https://hirise-pds.lpl.arizona.edu/PDS/RDR/PSP/ORB_001300_001399/PSP_001336_1560/PSP_001336_1560_COLOR.JP2,https://hirise-pds.lpl.arizona.edu/PDS/RDR/PSP/ORB_001300_001399/PSP_001336_1560/PSP_001336_1560_COLOR.LBL,5522838840.0
7,PSP_001337_1675_UNFILTERED_COLOR.IMG,PRIMARY SCIENCE PHASE,1337,1300 - 1399,-10.0,180.0,-11.90729240653,-12.510012071873,297.67262739093,297.58106190504,60.676899,0.08448,60.719532,15.5448,132.426582,209.172275,270.0,2006-11-08T15:43:45.069,2006-11-08T15:43:45.138,"""847467843:63580""",2016-02-28T15:33:27,"""847467855:23130""",2016-02-28T15:33:27,0.000175529100858309,0.037042667417426,"(900 <NM>, 700 <NM>, 500 <NM>)",https://hirise-pds.lpl.arizona.edu/PDS/RDR/PSP/ORB_001300_001399/PSP_001337_1675/PSP_001337_1675_COLOR.JP2,https://hirise-pds.lpl.arizona.edu/PDS/RDR/PSP/ORB_001300_001399/PSP_001337_1675/PSP_001337_1675_COLOR.LBL,4581304320.0
8,PSP_001337_2480_UNFILTERED_COLOR.IMG,PRIMARY SCIENCE PHASE,1337,1300 - 1399,90.0,0.0,67.705591743147,67.66044306042,284.66867025955,284.59612496122,57.333591,0.29018,57.504017,15.08572,132.435028,219.968577,345.367602,2006-11-08T16:08:56.385,2006-11-08T16:08:56.470,"""847469355:19855""",2016-02-28T15:27:51,"""847469356:22577""",2016-02-28T15:27:51,8.78657523450884e-05,0.031398973905525,"(900 <NM>, 700 <NM>, 500 <NM>)",https://hirise-pds.lpl.arizona.edu/PDS/RDR/PSP/ORB_001300_001399/PSP_001337_2480/PSP_001337_2480_COLOR.JP2,https://hirise-pds.lpl.arizona.edu/PDS/RDR/PSP/ORB_001300_001399/PSP_001337_2480/PSP_001337_2480_COLOR.LBL,622588500.0
9,PSP_001338_1765_UNFILTERED_COLOR.IMG,PRIMARY SCIENCE PHASE,1338,1300 - 1399,0.0,180.0,-3.3029298666348,-3.5634058426259,269.31009560215,269.2612741855,56.317632,0.015546,56.314679,15.51791,132.465214,204.670582,270.0,2006-11-08T17:38:36.923,2006-11-08T17:38:36.992,"""847474735:54032""",2016-02-28T15:04:34,"""847474740:55020""",2016-02-28T15:04:34,0.000242659705094323,0.022646919769006,"(900 <NM>, 700 <NM>, 500 <NM>)",https://hirise-pds.lpl.arizona.edu/PDS/RDR/PSP/ORB_001300_001399/PSP_001338_1765/PSP_001338_1765_COLOR.JP2,https://hirise-pds.lpl.arizona.edu/PDS/RDR/PSP/ORB_001300_001399/PSP_001338_1765/PSP_001338_1765_COLOR.LBL,1072400640.0
10,PSP_001338_2480_UNFILTERED_COLOR.IMG,PRIMARY SCIENCE PHASE,1338,1300 - 1399,90.0,0.0,68.011138566683,67.955142287346,260.03970586129,259.96528075436,58.342612,12.468447,47.568358,15.26281,132.47276,247.250899,9.997507,2006-11-08T18:01:04.275,2006-11-08T18:01:04.362,"""847476083:12734""",2016-02-28T15:03:32,"""847476084:30265""",2016-02-28T15:03:32,0.000104957631480552,0.039749841157966,"(900 <NM>, 700 <NM>, 500 <NM>)",https://hirise-pds.lpl.arizona.edu/PDS/RDR/PSP/ORB_001300_001399/PSP_001338_2480/PSP_001338_2480_COLOR.JP2,https://hirise-pds.lpl.arizona.edu/PDS/RDR/PSP/ORB_001300_001399/PSP_001338_2480/PSP_001338_2480_COLOR.LBL,520667160.0
11,PSP_001340_1945_UNFILTERED_COLOR.IMG,PRIMARY SCIENCE PHASE,1340,1300 - 1399,10.0,180.0,14.241983019391,14.085986077476,213.02002105819,212.98168666994,50.285318,5.031441,45.476889,15.49081,132.542497,191.98979,270.0,2006-11-08T21:28:15.882,2006-11-08T21:28:15.956,"""847488514:51710""",2016-02-28T15:34:09,"""847488517:58076""",2016-02-28T15:34:09,0.00026420446853087,0.036707958947461,"(900 <NM>, 700 <NM>, 500 <NM>)",https://hirise-pds.lpl.arizona.edu/PDS/RDR/PSP/ORB_001300_001399/PSP_001340_1945/PSP_001340_1945_COLOR.JP2,https://hirise-pds.lpl.arizona.edu/PDS/RDR/PSP/ORB_001300_001399/PSP_001340_1945/PSP_001340_1945_COLOR.LBL,496483350.0
12,PSP_001341_2010_UNFILTERED_COLOR.IMG,PRIMARY SCIENCE PHASE,1341,1300 - 1399,20.0,180.0,20.90236903818,20.713455250376,184.51512530578,184.47085919404,48.539152,0.282994,48.511221,15.4433,132.580946,186.37751,269.999999,2006-11-08T23:22:29.085,2006-11-08T23:22:29.160,"""847495367:65029""",2016-02-28T15:14:02,"""847495371:47042""",2016-02-28T15:14:02,0.000218843520877927,0.035859594530846,"(900 <NM>, 700 <NM>, 500 <NM>)",https://hirise-pds.lpl.arizona.edu/PDS/RDR/PSP/ORB_001300_001399/PSP_001341_2010/PSP_001341_2010_COLOR.JP2,https://hirise-pds.lpl.arizona.edu/PDS/RDR/PSP/ORB_001300_001399/PSP_001341_2010/PSP_001341_2010_COLOR.LBL,661731840.0
13,PSP_001341_2485_UNFILTERED_COLOR.IMG,PRIMARY SCIENCE PHASE,1341,1300 - 1399,90.0,0.0,68.382050130855,68.336695324693,175.4468146768,175.37171548331,57.751673,0.285792,57.921311,15.08153,132.586005,328.757631,94.590735,2006-11-08T23:37:32.186,2006-11-08T23:37:32.272,"""847496271:06865""",2016-02-28T15:36:15,"""847496272:10057""",2016-02-28T15:36:15,9.26042509422534e-05,0.029095346178166,"(900 <NM>, 700 <NM>, 500 <NM>)",https://hirise-pds.lpl.arizona.edu/PDS/RDR/PSP/ORB_001300_001399/PSP_001341_2485/PSP_001341_2485_COLOR.JP2,https://hirise-pds.lpl.arizona.edu/PDS/RDR/PSP/ORB_001300_001399/PSP_001341_2485/PSP_001341_2485_COLOR.LBL,385903500.0
14,PSP_001341_2650_UNFILTERED_COLOR.IMG,PRIMARY SCIENCE PHASE,1341,1300 - 1399,90.0,0.0,85.063153138239,84.867093090027,151.11152600089,149.65478960087,67.098034,0.119989,67.204609,13.50126,132.587834,322.871542,119.616842,2006-11-08T23:42:56.493,2006-11-08T23:42:56.580,"""847496595:27028""",2016-02-28T15:21:24,"""847496599:47419""",2016-02-28T15:21:24,0.000122116978559981,0.032463820464979,"(900 <NM>, 700 <NM>, 500 <NM>)",https://hirise-pds.lpl.arizona.edu/PDS/RDR/PSP/ORB_001300_001399/PSP_001341_2650/PSP_001341_2650_COLOR.JP2,https://hirise-pds.lpl.arizona.edu/PDS/RDR/PSP/ORB_001300_001399/PSP_001341_2650/PSP_001341_2650_COLOR.LBL,454179648.0
15,PSP_001342_1910_UNFILTERED_COLOR.IMG,PRIMARY SCIENCE PHASE,1342,1300 - 1399,10.0,180.0,10.789049079572,10.694906387566,158.46594290103,158.43572227396,50.866726,0.179067,50.823007,15.47539,132.617639,194.839081,270.0,2006-11-09T01:11:29.930,2006-11-09T01:11:30.004,"""847501908:54831""",2016-02-28T15:52:46,"""847501910:50352""",2016-02-28T15:52:46,0.000165094058859814,0.03322775999439,"(900 <NM>, 700 <NM>, 500 <NM>)",https://hirise-pds.lpl.arizona.edu/PDS/RDR/PSP/ORB_001300_001399/PSP_001342_1910/PSP_001342_1910_COLOR.JP2,https://hirise-pds.lpl.arizona.edu/PDS/RDR/PSP/ORB_001300_001399/PSP_001342_1910/PSP_001342_1910_COLOR.LBL,944720940.0
16,PSP_001342_2680_UNFILTERED_COLOR.IMG,PRIMARY SCIENCE PHASE,1342,1300 - 1399,90.0,0.0,88.052419210971,88.029218513687,64.080659445462,60.899403992187,70.203812,6.623438,65.061699,9.48358,132.626056,349.348169,207.509968,2006-11-09T01:36:29.786,2006-11-09T01:36:29.874,"""847503408:46296""",2016-02-28T15:54:38,"""847503410:63897""",2016-02-28T15:54:38,0.000169812317073785,0.034152264234691,"(900 <NM>, 700 <NM>, 500 <NM>)",https://hirise-pds.lpl.arizona.edu/PDS/RDR/PSP/ORB_001300_001399/PSP_001342_2680/PSP_001342_2680_COLOR.JP2,https://hirise-pds.lpl.arizona.edu/PDS/RDR/PSP/ORB_001300_001399/PSP_001342_2680/PSP_001342_2680_COLOR.LBL,2450800590.0
17,PSP_001343_1970_UNFILTERED_COLOR.IMG,PRIMARY SCIENCE PHASE,1343,1300 - 1399,15.0,180.0,16.790547638424,16.367746319732,130.59985913809,130.52795951205,49.459519,1.482662,47.989846,15.46528,132.656014,190.011341,270.0,2006-11-09T03:05:25.543,2006-11-09T03:05:25.618,"""847508744:29547""",2016-02-28T16:38:25,"""847508752:36986""",2016-02-28T16:38:25,0.000187223544477316,0.04788229218651,"(900 <NM>, 700 <NM>, 500 <NM>)",https://hirise-pds.lpl.arizona.edu/PDS/RDR/PSP/ORB_001300_001399/PSP_001343_1970/PSP_001343_1970_COLOR.JP2,https://hirise-pds.lpl.arizona.edu/PDS/RDR/PSP/ORB_001300_001399/PSP_001343_1970/PSP_001343_1970_COLOR.LBL,2474386758.0
18,PSP_001343_2510_UNFILTERED_COLOR.IMG,PRIMARY SCIENCE PHASE,1343,1300 - 1399,90.0,0.0,70.80785571131,70.750764087588,124.04569087478,123.95992039594,60.110941,16.192198,46.40834,15.30475,132.661761,22.496215,145.997194,2006-11-09T03:22:33.017,2006-11-09T03:22:33.107,"""847509771:61577""",2016-02-28T15:52:05,"""847509773:15653""",2016-02-28T15:52:05,0.000127874243110867,0.029653465748814,"(900 <NM>, 700 <NM>, 500 <NM>)",https://hirise-pds.lpl.arizona.edu/PDS/RDR/PSP/ORB_001300_001399/PSP_001343_2510/PSP_001343_2510_COLOR.JP2,https://hirise-pds.lpl.arizona.edu/PDS/RDR/PSP/ORB_001300_001399/PSP_001343_2510/PSP_001343_2510_COLOR.LBL,1076302656.0
19,PSP_001344_2465_UNFILTERED_COLOR.IMG,PRIMARY SCIENCE PHASE,1344,1300 - 1399,90.0,0.0,66.016057156343,65.971425882725,94.316315276758,94.249713922027,56.604971,0.304507,56.777284,15.11828,132.699016,51.708613,175.716985,2006-11-09T05:13:11.534,2006-11-09T05:13:11.619,"""847516410:29606""",2016-02-28T15:38:00,"""847516411:31648""",2016-02-28T15:38:00,9.6569117115387e-05,0.03915686539854,"(900 <NM>, 700 <NM>, 500 <NM>)",https://hirise-pds.lpl.arizona.edu/PDS/RDR/PSP/ORB_001300_001399/PSP_001344_2465/PSP_001344_2465_COLOR.JP2,https://hirise-pds.lpl.arizona.edu/PDS/RDR/PSP/ORB_001300_001399/PSP_001344_2465/PSP_001344_2465_COLOR.LBL,497007288.0
20,PSP_001345_1215_UNFILTERED_COLOR.IMG,PRIMARY SCIENCE PHASE,1345,1300 - 1399,-55.0,180.0,-57.977276092765,-58.063120797788,86.552042917047,86.500028540966,89.445654,0.250237,89.595824,15.79138,132.723723,215.122674,270.0,2006-11-09T06:26:33.290,2006-11-09T06:26:33.356,"""847520812:12403""",2016-02-28T15:27:47,"""847520813:60736""",2016-02-28T15:27:47,6.51065659173281e-06,0.0053147985297708,"(900 <NM>, 700 <NM>, 500 <NM>)",https://hirise-pds.lpl.arizona.edu/PDS/RDR/PSP/ORB_001300_001399/PSP_001345_1215/PSP_001345_1215_COLOR.JP2,https://hirise-pds.lpl.arizona.edu/PDS/RDR/PSP/ORB_001300_001399/PSP_001345_1215/PSP_001345_1215_COLOR.LBL,53589468.0
21,PSP_001345_2480_UNFILTERED_COLOR.IMG,PRIMARY SCIENCE PHASE,1345,1300 - 1399,90.0,0.0,67.758663726877,67.703369654069,66.316752567318,66.240232143687,57.413675,0.292069,57.585528,15.0783,132.736943,78.143414,203.721508,2006-11-09T07:05:48.676,2006-11-09T07:05:48.761,"""847523167:38933""",2016-02-28T15:45:38,"""847523168:54229""",2016-02-28T15:45:38,0.000108960729488603,0.034701124954496,"(900 <NM>, 700 <NM>, 500 <NM>)",https://hirise-pds.lpl.arizona.edu/PDS/RDR/PSP/ORB_001300_001399/PSP_001345_2480/PSP_001345_2480_COLOR.JP2,https://hirise-pds.lpl.arizona.edu/PDS/RDR/PSP/ORB_001300_001399/PSP_001345_2480/PSP_001345_2480_COLOR.LBL,698164272.0
22,PSP_001348_1770_UNFILTERED_COLOR.IMG,PRIMARY SCIENCE PHASE,1348,1300 - 1399,0.0,180.0,-2.9491404225307,-3.1739227716869,356.81756381125,356.77267498166,56.439337,4.33116,52.75127,15.54058,132.842722,204.209582,270.0,2006-11-09T12:19:49.496,2006-11-09T12:19:49.567,"""847542008:26187""",2016-02-28T19:06:04,"""847542012:48037""",2016-02-28T19:06:04,0.000201121940932203,0.03561513568058,"(900 <NM>, 700 <NM>, 500 <NM>)",https://hirise-pds.lpl.arizona.edu/PDS/RDR/PSP/ORB_001300_001399/PSP_001348_1770/PSP_001348_1770_COLOR.JP2,https://hirise-pds.lpl.arizona.edu/PDS/RDR/PSP/ORB_001300_001399/PSP_001348_1770/PSP_001348_1770_COLOR.LBL,3403375968.0
23,PSP_001349_1310_UNFILTERED_COLOR.IMG,PRIMARY SCIENCE PHASE,1349,1300 - 1399,-45.0,180.0,-48.492256586582,-48.663012408096,335.36347798252,335.30805566674,82.994686,0.27958,83.168172,15.70114,132.875768,216.071509,270.0,2006-11-09T13:57:55.126,2006-11-09T13:57:55.192,"""847547894:01662""",2016-02-28T15:52:43,"""847547897:22091""",2016-02-28T15:52:43,4.87343448507318e-05,0.013201070275476,"(900 <NM>, 700 <NM>, 500 <NM>)",https://hirise-pds.lpl.arizona.edu/PDS/RDR/PSP/ORB_001300_001399/PSP_001349_1310/PSP_001349_1310_COLOR.JP2,https://hirise-pds.lpl.arizona.edu/PDS/RDR/PSP/ORB_001300_001399/PSP_001349_1310/PSP_001349_1310_COLOR.LBL,560925936.0
24,PSP_001350_1655_UNFILTERED_COLOR.IMG,PRIMARY SCIENCE PHASE,1350,1300 - 1399,-10.0,180.0,-14.18911775158,-14.367743946137,302.86721750272,302.827419475,61.407249,5.329694,65.767118,15.52651,132.917127,209.9359,270.0,2006-11-09T16:00:39.892,2006-11-09T16:00:39.962,"""847555258:52088""",2016-02-28T16:39:24,"""847555262:18125""",2016-02-28T16:39:24,7.30003153601631e-05,0.026383969184718,"(900 <NM>, 700 <NM>, 500 <NM>)",https://hirise-pds.lpl.arizona.edu/PDS/RDR/PSP/ORB_001300_001399/PSP_001350_1655/PSP_001350_1655_COLOR.JP2,https://hirise-pds.lpl.arizona.edu/PDS/RDR/PSP/ORB_001300_001399/PSP_001350_1655/PSP_001350_1655_COLOR.LBL,2360564370.0
25,PSP_001350_2710_UNFILTERED_COLOR.IMG,PRIMARY SCIENCE PHASE,1350,1300 - 1399,90.0,0.0,89.022028165791,88.938165708353,195.13239665695,182.62380392825,71.229932,18.109401,57.43419,8.46132,132.928194,207.768972,81.1219,2006-11-09T16:33:29.789,2006-11-09T16:33:29.880,"""847557228:46728""",2016-02-28T16:25:06,"""847557233:15649""",2016-02-28T16:25:06,0.000138453216723141,0.047982814925141,"(900 <NM>, 700 <NM>, 500 <NM>)",https://hirise-pds.lpl.arizona.edu/PDS/RDR/PSP/ORB_001300_001399/PSP_001350_2710/PSP_001350_2710_COLOR.JP2,https://hirise-pds.lpl.arizona.edu/PDS/RDR/PSP/ORB_001300_001399/PSP_001350_2710/PSP_001350_2710_COLOR.LBL,2053657020.0
26,PSP_001351_1715_UNFILTERED_COLOR.IMG,PRIMARY SCIENCE PHASE,1351,1300 - 1399,-5.0,180.0,-8.1861623848765,-8.3284648327668,275.42770998194,275.39286039665,58.752426,2.446828,56.760438,15.54576,132.955523,206.993507,270.0,2006-11-09T17:54:36.625,2006-11-09T17:54:36.692,"""847562095:34433""",2016-02-28T16:50:41,"""847562098:19939""",2016-02-28T16:50:41,0.000152567510598688,0.03624157554021,"(900 <NM>, 700 <NM>, 500 <NM>)",https://hirise-pds.lpl.arizona.edu/PDS/RDR/PSP/ORB_001300_001399/PSP_001351_1715/PSP_001351_1715_COLOR.JP2,https://hirise-pds.lpl.arizona.edu/PDS/RDR/PSP/ORB_001300_001399/PSP_001351_1715/PSP_001351_1715_COLOR.LBL,1666436688.0
27,PSP_001351_2490_UNFILTERED_COLOR.IMG,PRIMARY SCIENCE PHASE,1351,1300 - 1399,90.0,0.0,69.01068580518,68.953992130496,260.05071840882,259.96249170546,57.510948,8.688656,65.375131,14.91361,132.963724,241.106338,9.993395,2006-11-09T18:18:57.439,2006-11-09T18:18:57.525,"""847563556:23472""",2016-02-28T16:07:55,"""847563557:39987""",2016-02-28T16:07:55,8.99572586077181e-05,0.05872828143164,"(900 <NM>, 700 <NM>, 500 <NM>)",https://hirise-pds.lpl.arizona.edu/PDS/RDR/PSP/ORB_001300_001399/PSP_001351_2490/PSP_001351_2490_COLOR.JP2,https://hirise-pds.lpl.arizona.edu/PDS/RDR/PSP/ORB_001300_001399/PSP_001351_2490/PSP_001351_2490_COLOR.LBL,437017044.0
28,PSP_001357_2200_UNFILTERED_COLOR.IMG,PRIMARY SCIENCE PHASE,1357,1300 - 1399,35.0,180.0,39.600358111845,39.353359796917,105.44717665023,105.3838326264,48.414002,0.387998,48.49406,15.36867,133.187355,169.479736,270.0,2006-11-10T05:22:16.427,2006-11-10T05:22:16.506,"""847603355:22244""",2016-02-28T16:55:34,"""847603360:02180""",2016-02-28T16:55:34,0.000235598060293613,0.028094011692221,"(900 <NM>, 700 <NM>, 500 <NM>)",https://hirise-pds.lpl.arizona.edu/PDS/RDR/PSP/ORB_001300_001399/PSP_001357_2200/PSP_001357_2200_COLOR.JP2,https://hirise-pds.lpl.arizona.edu/PDS/RDR/PSP/ORB_001300_001399/PSP_001357_2200/PSP_001357_2200_COLOR.LBL,4306596000.0
29,PSP_001358_2485_UNFILTERED_COLOR.IMG,PRIMARY SCIENCE PHASE,1358,1300 - 1399,90.0,0.0,68.514537309383,68.45911731763,73.040685539284,72.963458035823,58.430593,6.955918,52.449015,15.1746,133.228245,72.50923,196.997928,2006-11-10T07:23:32.679,2006-11-10T07:23:32.764,"""847610631:39186""",2016-02-28T15:59:28,"""847610632:55345""",2016-02-28T15:59:28,0.00011725928659516,0.035866723643592,"(900 <NM>, 700 <NM>, 500 <NM>)",https://hirise-pds.lpl.arizona.edu/PDS/RDR/PSP/ORB_001300_001399/PSP_001358_2485/PSP_001358_2485_COLOR.JP2,https://hirise-pds.lpl.arizona.edu/PDS/RDR/PSP/ORB_001300_001399/PSP_001358_2485/PSP_001358_2485_COLOR.LBL,609180996.0
30,PSP_001360_2590_UNFILTERED_COLOR.IMG,PRIMARY SCIENCE PHASE,1360,1300 - 1399,90.0,0.0,79.17923865321,79.000379463846,11.76382088297,11.448471535296,63.977551,4.734467,60.149438,14.77336,133.305011,123.021527,258.393854,2006-11-10T11:11:05.932,2006-11-10T11:11:06.020,"""847624284:55935""",2016-02-28T16:01:39,"""847624288:28946""",2016-02-28T16:01:39,0.000189787326347636,0.033382621415083,"(900 <NM>, 700 <NM>, 500 <NM>)",https://hirise-pds.lpl.arizona.edu/PDS/RDR/PSP/ORB_001300_001399/PSP_001360_2590/PSP_001360_2590_COLOR.JP2,https://hirise-pds.lpl.arizona.edu/PDS/RDR/PSP/ORB_001300_001399/PSP_001360_2590/PSP_001360_2590_COLOR.LBL,1350596700.0
31,PSP_001364_1715_UNFILTERED_COLOR.IMG,PRIMARY SCIENCE PHASE,1364,1300 - 1399,-5.0,180.0,-8.4659775015123,-8.6133239095401,280.52871933256,280.49327633151,58.60876,1.464742,59.852477,15.52942,133.447057,207.06904,270.0,2006-11-10T18:12:04.123,2006-11-10T18:12:04.193,"""847649543:01782""",2016-02-28T16:38:48,"""847649545:60926""",2016-02-28T16:38:48,0.000175727006827251,0.032325884502492,"(900 <NM>, 700 <NM>, 500 <NM>)",https://hirise-pds.lpl.arizona.edu/PDS/RDR/PSP/ORB_001300_001399/PSP_001364_1715/PSP_001364_1715_COLOR.JP2,https://hirise-pds.lpl.arizona.edu/PDS/RDR/PSP/ORB_001300_001399/PSP_001364_1715/PSP_001364_1715_COLOR.LBL,1754645310.0
32,PSP_001364_2160_UNFILTERED_COLOR.IMG,PRIMARY SCIENCE PHASE,1364,1300 - 1399,35.0,180.0,35.978233649017,35.816582448995,274.88667721748,274.83907657155,47.979609,1.131498,49.056645,15.37841,133.451749,172.113354,270.0,2006-11-10T18:25:58.074,2006-11-10T18:25:58.151,"""847650376:64574""",2016-02-28T16:05:58,"""847650380:14104""",2016-02-28T16:05:58,0.000264654254823908,0.05129016550366,"(900 <NM>, 700 <NM>, 500 <NM>)",https://hirise-pds.lpl.arizona.edu/PDS/RDR/PSP/ORB_001300_001399/PSP_001364_2160/PSP_001364_2160_COLOR.JP2,https://hirise-pds.lpl.arizona.edu/PDS/RDR/PSP/ORB_001300_001399/PSP_001364_2160/PSP_001364_2160_COLOR.LBL,529511868.0
33,PSP_001364_2690_UNFILTERED_COLOR.IMG,PRIMARY SCIENCE PHASE,1364,1300 - 1399,90.0,0.0,88.996668589198,88.949585368142,195.03845555205,182.39870389606,71.126449,17.994263,57.382017,9.91212,133.457505,229.784833,81.28142,2006-11-10T18:43:00.668,2006-11-10T18:43:00.759,"""847651399:38876""",2016-02-28T16:14:27,"""847651404:08492""",2016-02-28T16:14:27,0.000140717890708591,0.046281855851825,"(900 <NM>, 700 <NM>, 500 <NM>)",https://hirise-pds.lpl.arizona.edu/PDS/RDR/PSP/ORB_001300_001399/PSP_001364_2690/PSP_001364_2690_COLOR.JP2,https://hirise-pds.lpl.arizona.edu/PDS/RDR/PSP/ORB_001300_001399/PSP_001364_2690/PSP_001364_2690_COLOR.LBL,654015600.0
34,PSP_001365_2720_UNFILTERED_COLOR.IMG,PRIMARY SCIENCE PHASE,1365,1300 - 1399,90.0,0.0,88.108800310036,88.015147757907,138.83274805913,132.58423809731,70.966691,9.088942,63.939191,8.20001,133.495412,256.745769,134.291507,2006-11-10T20:35:19.169,2006-11-10T20:35:19.257,"""847658138:05943""",2016-02-28T16:20:00,"""847658142:29113""",2016-02-28T16:20:00,0.000133723713851833,0.042181896365576,"(900 <NM>, 700 <NM>, 500 <NM>)",https://hirise-pds.lpl.arizona.edu/PDS/RDR/PSP/ORB_001300_001399/PSP_001365_2720/PSP_001365_2720_COLOR.JP2,https://hirise-pds.lpl.arizona.edu/PDS/RDR/PSP/ORB_001300_001399/PSP_001365_2720/PSP_001365_2720_COLOR.LBL,1898402100.0
35,PSP_001367_1620_UNFILTERED_COLOR.IMG,PRIMARY SCIENCE PHASE,1367,1300 - 1399,-15.0,180.0,-17.636889971672,-17.810694393647,199.92379231104,199.88417463627,63.547948,0.148551,63.628366,15.56455,133.559607,211.025925,270.000003,2006-11-10T23:45:29.184,2006-11-10T23:45:29.252,"""847669548:05632""",2016-02-28T17:01:02,"""847669551:29362""",2016-02-28T17:01:02,0.000253612001329805,0.01675316756749,"(900 <NM>, 700 <NM>, 500 <NM>)",https://hirise-pds.lpl.arizona.edu/PDS/RDR/PSP/ORB_001300_001399/PSP_001367_1620/PSP_001367_1620_COLOR.JP2,https://hirise-pds.lpl.arizona.edu/PDS/RDR/PSP/ORB_001300_001399/PSP_001367_1620/PSP_001367_1620_COLOR.LBL,2241723060.0
36,PSP_001368_1400_UNFILTERED_COLOR.IMG,PRIMARY SCIENCE PHASE,1368,1300 - 1399,-35.0,180.0,-39.558090850723,-39.728001167643,175.99389423237,175.94570898705,77.194966,5.139333,73.705387,15.67832,133.595184,215.106472,270.0,2006-11-11T01:30:51.474,2006-11-11T01:30:51.540,"""847675870:24541""",2016-02-28T16:37:26,"""847675873:43774""",2016-02-28T16:37:26,0.000108616642974428,0.0077557752485027,"(900 <NM>, 700 <NM>, 500 <NM>)",https://hirise-pds.lpl.arizona.edu/PDS/RDR/PSP/ORB_001300_001399/PSP_001368_1400/PSP_001368_1400_COLOR.JP2,https://hirise-pds.lpl.arizona.edu/PDS/RDR/PSP/ORB_001300_001399/PSP_001368_1400/PSP_001368_1400_COLOR.LBL,563434704.0
37,PSP_001370_2505_UNFILTERED_COLOR.IMG,PRIMARY SCIENCE PHASE,1370,1300 - 1399,90.0,0.0,70.22957682403,70.052336023561,103.07546420291,102.9275924955,58.84156,1.683253,60.428661,15.01088,133.682555,39.037059,166.998472,2006-11-11T05:49:34.624,2006-11-11T05:49:34.710,"""847691393:35697""",2016-02-28T17:13:46,"""847691397:05121""",2016-02-28T17:13:46,0.000372065470532987,0.028623268476445,"(900 <NM>, 700 <NM>, 500 <NM>)",https://hirise-pds.lpl.arizona.edu/PDS/RDR/PSP/ORB_001300_001399/PSP_001370_2505/PSP_001370_2505_COLOR.JP2,https://hirise-pds.lpl.arizona.edu/PDS/RDR/PSP/ORB_001300_001399/PSP_001370_2505/PSP_001370_2505_COLOR.LBL,5281522740.0
38,PSP_001371_2720_UNFILTERED_COLOR.IMG,PRIMARY SCIENCE PHASE,1371,1300 - 1399,90.0,0.0,88.169268980368,88.068313063098,333.13066013507,326.73744940578,71.124921,9.883801,63.488422,8.06278,133.722594,60.469522,300.065945,2006-11-11T07:48:06.833,2006-11-11T07:48:06.920,"""847698505:49468""",2016-02-28T17:11:09,"""847698510:07796""",2016-02-28T17:11:09,0.000140290593730201,0.079433826855842,"(900 <NM>, 700 <NM>, 500 <NM>)",https://hirise-pds.lpl.arizona.edu/PDS/RDR/PSP/ORB_001300_001399/PSP_001371_2720/PSP_001371_2720_COLOR.JP2,https://hirise-pds.lpl.arizona.edu/PDS/RDR/PSP/ORB_001300_001399/PSP_001371_2720/PSP_001371_2720_COLOR.LBL,976210830.0
39,PSP_001372_2160_UNFILTERED_COLOR.IMG,PRIMARY SCIENCE PHASE,1372,1300 - 1399,35.0,180.0,35.584922309551,35.388448555055,56.81832140398,56.765984338355,48.094729,0.373188,48.149656,15.38843,133.75456,172.433292,270.0,2006-11-11T09:22:44.778,2006-11-11T09:22:44.857,"""847704183:45295""",2016-02-28T16:43:38,"""847704187:38249""",2016-02-28T16:43:38,0.000193610509838462,0.045779766159701,"(900 <NM>, 700 <NM>, 500 <NM>)",https://hirise-pds.lpl.arizona.edu/PDS/RDR/PSP/ORB_001300_001399/PSP_001372_2160/PSP_001372_2160_COLOR.JP2,https://hirise-pds.lpl.arizona.edu/PDS/RDR/PSP/ORB_001300_001399/PSP_001372_2160/PSP_001372_2160_COLOR.LBL,707592186.0
40,PSP_001373_2460_UNFILTERED_COLOR.IMG,PRIMARY SCIENCE PHASE,1373,1300 - 1399,90.0,0.0,65.923945084131,65.878840832066,23.356146188752,23.289277296706,56.936911,0.298624,57.106609,15.13191,133.795685,122.793146,246.677288,2006-11-11T11:24:30.031,2006-11-11T11:24:30.117,"""847711488:62330""",2016-02-28T17:22:26,"""847711489:65309""",2016-02-28T17:22:26,0.000138039413333546,0.033675229888019,"(900 <NM>, 700 <NM>, 500 <NM>)",https://hirise-pds.lpl.arizona.edu/PDS/RDR/PSP/ORB_001300_001399/PSP_001373_2460/PSP_001373_2460_COLOR.JP2,https://hirise-pds.lpl.arizona.edu/PDS/RDR/PSP/ORB_001300_001399/PSP_001373_2460/PSP_001373_2460_COLOR.LBL,702217776.0
41,PSP_001374_1805_UNFILTERED_COLOR.IMG,PRIMARY SCIENCE PHASE,1374,1300 - 1399,0.0,180.0,0.74007638262023,0.58838802385951,7.4140739885151,7.3773848015407,55.126019,9.081297,47.23644,15.55577,133.826628,201.48381,270.0,2006-11-11T12:56:03.892,2006-11-11T12:56:03.965,"""847716982:52378""",2016-02-28T18:07:16,"""847716985:52366""",2016-02-28T18:07:16,0.000138642126966213,0.036924387115945,"(900 <NM>, 700 <NM>, 500 <NM>)",https://hirise-pds.lpl.arizona.edu/PDS/RDR/PSP/ORB_001300_001399/PSP_001374_1805/PSP_001374_1805_COLOR.JP2,https://hirise-pds.lpl.arizona.edu/PDS/RDR/PSP/ORB_001300_001399/PSP_001374_1805/PSP_001374_1805_COLOR.LBL,1877425200.0
42,PSP_001374_2650_UNFILTERED_COLOR.IMG,PRIMARY SCIENCE PHASE,1374,1300 - 1399,90.0,0.0,85.109329022288,84.934429263257,339.4371621885,338.4079432071,67.889628,7.795001,61.720292,14.09067,133.835649,143.39376,291.077447,2006-11-11T13:22:45.441,2006-11-11T13:22:45.529,"""847718584:23854""",2016-02-28T17:24:41,"""847718588:00025""",2016-02-28T17:24:41,0.000187425948309184,0.024758621436193,"(900 <NM>, 700 <NM>, 500 <NM>)",https://hirise-pds.lpl.arizona.edu/PDS/RDR/PSP/ORB_001300_001399/PSP_001374_2650/PSP_001374_2650_COLOR.JP2,https://hirise-pds.lpl.arizona.edu/PDS/RDR/PSP/ORB_001300_001399/PSP_001374_2650/PSP_001374_2650_COLOR.LBL,1593965280.0
43,PSP_001375_2485_UNFILTERED_COLOR.IMG,PRIMARY SCIENCE PHASE,1375,1300 - 1399,90.0,0.0,68.301030423345,68.255673579738,328.0298177025,327.95529009249,58.136795,0.278815,58.302126,15.09451,133.871738,176.275987,302.007446,2006-11-11T15:09:34.524,2006-11-11T15:09:34.610,"""847724993:29143""",2016-02-28T16:49:01,"""847724994:32292""",2016-02-28T16:49:01,4.44118985746306e-05,0.052958233954297,"(900 <NM>, 700 <NM>, 500 <NM>)",https://hirise-pds.lpl.arizona.edu/PDS/RDR/PSP/ORB_001300_001399/PSP_001375_2485/PSP_001375_2485_COLOR.JP2,https://hirise-pds.lpl.arizona.edu/PDS/RDR/PSP/ORB_001300_001399/PSP_001375_2485/PSP_001375_2485_COLOR.LBL,632413860.0
44,PSP_001376_1675_UNFILTERED_COLOR.IMG,PRIMARY SCIENCE PHASE,1376,1300 - 1399,-10.0,180.0,-12.210340718219,-12.356031578515,314.03114369964,313.99530858841,60.848362,4.481599,57.297189,15.57081,133.901075,208.552836,270.0,2006-11-11T16:36:22.167,2006-11-11T16:36:22.236,"""847730201:04625""",2016-02-28T17:30:07,"""847730203:61594""",2016-02-28T17:30:07,0.000150984262847198,0.029332300344133,"(900 <NM>, 700 <NM>, 500 <NM>)",https://hirise-pds.lpl.arizona.edu/PDS/RDR/PSP/ORB_001300_001399/PSP_001376_1675/PSP_001376_1675_COLOR.JP2,https://hirise-pds.lpl.arizona.edu/PDS/RDR/PSP/ORB_001300_001399/PSP_001376_1675/PSP_001376_1675_COLOR.LBL,1733876676.0
45,PSP_001376_2665_UNFILTERED_COLOR.IMG,PRIMARY SCIENCE PHASE,1376,1300 - 1399,90.0,0.0,86.332636398102,86.2379259531,264.61193615675,263.25218160985,68.499496,0.823403,67.890526,12.73979,133.911653,197.42351,6.067941,2006-11-11T17:07:40.293,2006-11-11T17:07:40.380,"""847732079:14059""",2016-02-28T17:24:44,"""847732081:32696""",2016-02-28T17:24:44,0.000147700822908011,0.081472067176719,"(900 <NM>, 700 <NM>, 500 <NM>)",https://hirise-pds.lpl.arizona.edu/PDS/RDR/PSP/ORB_001300_001399/PSP_001376_2665/PSP_001376_2665_COLOR.JP2,https://hirise-pds.lpl.arizona.edu/PDS/RDR/PSP/ORB_001300_001399/PSP_001376_2665/PSP_001376_2665_COLOR.LBL,2696269680.0
46,PSP_001377_1685_UNFILTERED_COLOR.IMG,PRIMARY SCIENCE PHASE,1377,1300 - 1399,-10.0,180.0,-11.278317794463,-11.366616447905,286.29967545244,286.27118841957,60.064513,0.084676,60.108068,15.54606,133.939073,208.322034,270.0,2006-11-11T18:28:48.039,2006-11-11T18:28:48.107,"""847736946:61719""",2016-02-28T17:21:47,"""847736948:48525""",2016-02-28T17:21:47,0.000164124769398315,0.024393536648928,"(900 <NM>, 700 <NM>, 500 <NM>)",https://hirise-pds.lpl.arizona.edu/PDS/RDR/PSP/ORB_001300_001399/PSP_001377_1685/PSP_001377_1685_COLOR.JP2,https://hirise-pds.lpl.arizona.edu/PDS/RDR/PSP/ORB_001300_001399/PSP_001377_1685/PSP_001377_1685_COLOR.LBL,835352298.0
47,PSP_001377_2475_UNFILTERED_COLOR.IMG,PRIMARY SCIENCE PHASE,1377,1300 - 1399,90.0,0.0,67.172378863217,67.127143385412,273.61774107591,273.54677822753,57.527645,0.287981,57.696384,15.09937,133.947411,231.333489,356.41774,2006-11-11T18:53:28.543,2006-11-11T18:53:28.628,"""847738427:30345""",2016-02-28T17:30:57,"""847738428:33324""",2016-02-28T17:30:57,9.36904848399342e-05,0.036303736005907,"(900 <NM>, 700 <NM>, 500 <NM>)",https://hirise-pds.lpl.arizona.edu/PDS/RDR/PSP/ORB_001300_001399/PSP_001377_2475/PSP_001377_2475_COLOR.JP2,https://hirise-pds.lpl.arizona.edu/PDS/RDR/PSP/ORB_001300_001399/PSP_001377_2475/PSP_001377_2475_COLOR.LBL,498343560.0
48,PSP_001378_2640_UNFILTERED_COLOR.IMG,PRIMARY SCIENCE PHASE,1378,1300 - 1399,90.0,0.0,84.111610424854,83.938162654983,230.48077197239,229.64038332127,67.106238,5.312199,62.890782,14.10404,133.98713,252.681331,39.939422,2006-11-11T20:50:57.121,2006-11-11T20:50:57.209,"""847745476:02849""",2016-02-28T18:01:57,"""847745479:44011""",2016-02-28T18:01:57,0.0001653144541434,0.027549356474255,"(900 <NM>, 700 <NM>, 500 <NM>)",https://hirise-pds.lpl.arizona.edu/PDS/RDR/PSP/ORB_001300_001399/PSP_001378_2640/PSP_001378_2640_COLOR.JP2,https://hirise-pds.lpl.arizona.edu/PDS/RDR/PSP/ORB_001300_001399/PSP_001378_2640/PSP_001378_2640_COLOR.LBL,4479225870.0
49,PSP_001379_1985_UNFILTERED_COLOR.IMG,PRIMARY SCIENCE PHASE,1379,1300 - 1399,15.0,180.0,18.593525186728,18.163084717727,228.33708939052,228.26526510766,49.258004,2.426303,46.86206,15.46701,134.017978,187.882078,270.0,2006-11-11T22:22:09.671,2006-11-11T22:22:09.740,"""847750948:37674""",2016-02-28T17:53:00,"""847750956:54011""",2016-02-28T17:53:00,0.000279429734550219,0.032793176478056,"(900 <NM>, 700 <NM>, 500 <NM>)",https://hirise-pds.lpl.arizona.edu/PDS/RDR/PSP/ORB_001300_001399/PSP_001379_1985/PSP_001379_1985_COLOR.JP2,https://hirise-pds.lpl.arizona.edu/PDS/RDR/PSP/ORB_001300_001399/PSP_001379_1985/PSP_001379_1985_COLOR.LBL,2516326656.0
50,PSP_001379_2680_UNFILTERED_COLOR.IMG,PRIMARY SCIENCE PHASE,1379,1300 - 1399,90.0,0.0,88.074062639914,88.043538595294,138.84810016277,132.44950995146,70.59508,7.339945,64.889653,9.65641,134.02561,278.819118,134.351195,2006-11-11T22:44:46.134,2006-11-11T22:44:46.222,"""847752305:03697""",2016-02-28T17:37:10,"""847752309:25651""",2016-02-28T17:37:10,0.000115725515335896,0.045189232739844,"(900 <NM>, 700 <NM>, 500 <NM>)",https://hirise-pds.lpl.arizona.edu/PDS/RDR/PSP/ORB_001300_001399/PSP_001379_2680/PSP_001379_2680_COLOR.JP2,https://hirise-pds.lpl.arizona.edu/PDS/RDR/PSP/ORB_001300_001399/PSP_001379_2680/PSP_001379_2680_COLOR.LBL,2352429828.0
51,PSP_001380_2520_UNFILTERED_COLOR.IMG,PRIMARY SCIENCE PHASE,1380,1300 - 1399,90.0,0.0,71.690987922983,71.645043482542,189.97471062781,189.88403523657,59.866024,0.247225,60.022645,15.00112,134.061584,311.207458,80.070627,2006-11-12T00:31:11.516,2006-11-12T00:31:11.602,"""847758690:28654""",2016-02-28T17:23:55,"""847758691:32356""",2016-02-28T17:23:55,9.20937434996532e-05,0.031683913522164,"(900 <NM>, 700 <NM>, 500 <NM>)",https://hirise-pds.lpl.arizona.edu/PDS/RDR/PSP/ORB_001300_001399/PSP_001380_2520/PSP_001380_2520_COLOR.JP2,https://hirise-pds.lpl.arizona.edu/PDS/RDR/PSP/ORB_001300_001399/PSP_001380_2520/PSP_001380_2520_COLOR.LBL,582850656.0
52,PSP_001381_2485_UNFILTERED_COLOR.IMG,PRIMARY SCIENCE PHASE,1381,1300 - 1399,90.0,0.0,68.450461989204,68.40487998222,164.2148647853,164.13908919132,58.257082,0.276393,58.422544,15.08688,134.099159,339.868788,105.823023,2006-11-12T02:22:18.524,2006-11-12T02:22:18.611,"""847765357:29209""",2016-02-28T17:30:07,"""847765358:32784""",2016-02-28T17:30:07,8.7573391254613e-05,0.03085039205322,"(900 <NM>, 700 <NM>, 500 <NM>)",https://hirise-pds.lpl.arizona.edu/PDS/RDR/PSP/ORB_001300_001399/PSP_001381_2485/PSP_001381_2485_COLOR.JP2,https://hirise-pds.lpl.arizona.edu/PDS/RDR/PSP/ORB_001300_001399/PSP_001381_2485/PSP_001381_2485_COLOR.LBL,438053994.0
53,PSP_001384_2505_UNFILTERED_COLOR.IMG,PRIMARY SCIENCE PHASE,1384,1300 - 1399,90.0,0.0,70.263904239319,70.218671481428,81.329200544526,81.246236723881,59.127955,0.261016,59.290922,15.02752,134.213134,60.915322,188.712281,2006-11-12T07:59:17.066,2006-11-12T07:59:17.152,"""847785575:64663""",2016-02-28T17:51:23,"""847785577:01850""",2016-02-28T17:51:23,0.000119260835599179,0.030480600252398,"(900 <NM>, 700 <NM>, 500 <NM>)",https://hirise-pds.lpl.arizona.edu/PDS/RDR/PSP/ORB_001300_001399/PSP_001384_2505/PSP_001384_2505_COLOR.JP2,https://hirise-pds.lpl.arizona.edu/PDS/RDR/PSP/ORB_001300_001399/PSP_001384_2505/PSP_001384_2505_COLOR.LBL,329793696.0
54,PSP_001385_1985_UNFILTERED_COLOR.IMG,PRIMARY SCIENCE PHASE,1385,1300 - 1399,15.0,180.0,18.571148995778,18.415043428275,64.990233426753,64.951043137946,49.605996,6.97379,42.819851,15.49201,134.245506,187.765934,270.0,2006-11-12T09:34:57.334,2006-11-12T09:34:57.408,"""847791316:15960""",2016-02-28T19:12:16,"""847791319:22762""",2016-02-28T19:12:16,0.000113528309294405,0.034183751524135,"(900 <NM>, 700 <NM>, 500 <NM>)",https://hirise-pds.lpl.arizona.edu/PDS/RDR/PSP/ORB_001300_001399/PSP_001385_1985/PSP_001385_1985_COLOR.JP2,https://hirise-pds.lpl.arizona.edu/PDS/RDR/PSP/ORB_001300_001399/PSP_001385_1985/PSP_001385_1985_COLOR.LBL,1991898324.0
55,PSP_001385_2680_UNFILTERED_COLOR.IMG,PRIMARY SCIENCE PHASE,1385,1300 - 1399,90.0,0.0,88.129598099522,88.103911895411,333.29792097094,326.66626052848,70.751408,8.562964,64.102729,9.52567,134.253143,82.521011,300.017909,2006-11-12T09:57:31.195,2006-11-12T09:57:31.283,"""847792670:07712""",2016-02-28T17:47:52,"""847792674:31229""",2016-02-28T17:47:52,0.00019112768950089,0.0730999025433,"(900 <NM>, 700 <NM>, 500 <NM>)",https://hirise-pds.lpl.arizona.edu/PDS/RDR/PSP/ORB_001300_001399/PSP_001385_2680/PSP_001385_2680_COLOR.JP2,https://hirise-pds.lpl.arizona.edu/PDS/RDR/PSP/ORB_001300_001399/PSP_001385_2680/PSP_001385_2680_COLOR.LBL,2122105008.0
56,PSP_001386_2650_UNFILTERED_COLOR.IMG,PRIMARY SCIENCE PHASE,1386,1300 - 1399,90.0,0.0,85.056308518202,84.812909167475,3.1954106045981,1.4059255760451,67.580713,0.190124,67.769996,13.47631,134.290603,110.552952,267.699332,2006-11-12T11:48:13.544,2006-11-12T11:48:13.631,"""847799312:30564""",2016-02-28T17:46:05,"""847799317:55066""",2016-02-28T17:46:05,0.000241130431697988,0.023979366683504,"(900 <NM>, 700 <NM>, 500 <NM>)",https://hirise-pds.lpl.arizona.edu/PDS/RDR/PSP/ORB_001300_001399/PSP_001386_2650/PSP_001386_2650_COLOR.JP2,https://hirise-pds.lpl.arizona.edu/PDS/RDR/PSP/ORB_001300_001399/PSP_001386_2650/PSP_001386_2650_COLOR.LBL,3324881430.0
57,PSP_001388_1565_UNFILTERED_COLOR.IMG,PRIMARY SCIENCE PHASE,1388,1300 - 1399,-20.0,180.0,-23.429690248101,-23.573606565381,347.91973366093,347.88255915585,66.906809,2.351017,65.249698,15.59916,134.354911,212.472268,270.0,2006-11-12T14:58:16.875,2006-11-12T14:58:16.943,"""847810715:51024""",2016-02-28T18:15:25,"""847810718:39703""",2016-02-28T18:15:25,7.78804966396316e-05,0.020325280349544,"(900 <NM>, 700 <NM>, 500 <NM>)",https://hirise-pds.lpl.arizona.edu/PDS/RDR/PSP/ORB_001300_001399/PSP_001388_1565/PSP_001388_1565_COLOR.JP2,https://hirise-pds.lpl.arizona.edu/PDS/RDR/PSP/ORB_001300_001399/PSP_001388_1565/PSP_001388_1565_COLOR.LBL,1693424538.0
58,PSP_001388_2035_UNFILTERED_COLOR.IMG,PRIMARY SCIENCE PHASE,1388,1300 - 1399,20.0,180.0,23.322466335184,23.162925445954,342.52156892249,342.48087134111,48.900673,5.816584,43.138145,15.47544,134.35984,183.637017,270.0,2006-11-12T15:12:50.577,2006-11-12T15:12:50.653,"""847811589:32028""",2016-02-28T18:19:19,"""847811592:41970""",2016-02-28T18:19:19,0.000231662430229525,0.038545538358355,"(900 <NM>, 700 <NM>, 500 <NM>)",https://hirise-pds.lpl.arizona.edu/PDS/RDR/PSP/ORB_001300_001399/PSP_001388_2035/PSP_001388_2035_COLOR.JP2,https://hirise-pds.lpl.arizona.edu/PDS/RDR/PSP/ORB_001300_001399/PSP_001388_2035/PSP_001388_2035_COLOR.LBL,2055315972.0
59,PSP_001389_2225_UNFILTERED_COLOR.IMG,PRIMARY SCIENCE PHASE,1389,1300 - 1399,40.0,180.0,42.249310124754,42.096769725591,312.05838015174,312.00709611987,49.145778,0.383224,49.244773,15.36047,134.39982,166.495976,270.0,2006-11-12T17:10:58.065,2006-11-12T17:10:58.146,"""847818676:64312""",2016-02-28T18:15:26,"""847818680:03465""",2016-02-28T18:15:26,0.000155850950537872,0.030210571051372,"(900 <NM>, 700 <NM>, 500 <NM>)",https://hirise-pds.lpl.arizona.edu/PDS/RDR/PSP/ORB_001300_001399/PSP_001389_2225/PSP_001389_2225_COLOR.JP2,https://hirise-pds.lpl.arizona.edu/PDS/RDR/PSP/ORB_001300_001399/PSP_001389_2225/PSP_001389_2225_COLOR.LBL,2011532160.0
60,PSP_001389_2500_UNFILTERED_COLOR.IMG,PRIMARY SCIENCE PHASE,1389,1300 - 1399,90.0,0.0,69.548929250654,69.503471600505,305.43746370394,305.35759231363,58.878711,0.265548,59.041883,15.0588,134.402756,197.626602,324.602472,2006-11-12T17:19:39.376,2006-11-12T17:19:39.462,"""847819198:19505""",2016-02-28T17:50:01,"""847819199:22696""",2016-02-28T17:50:01,5.97698515504332e-05,0.03221587352201,"(900 <NM>, 700 <NM>, 500 <NM>)",https://hirise-pds.lpl.arizona.edu/PDS/RDR/PSP/ORB_001300_001399/PSP_001389_2500/PSP_001389_2500_COLOR.JP2,https://hirise-pds.lpl.arizona.edu/PDS/RDR/PSP/ORB_001300_001399/PSP_001389_2500/PSP_001389_2500_COLOR.LBL,734724312.0
61,PSP_001390_1735_UNFILTERED_COLOR.IMG,PRIMARY SCIENCE PHASE,1390,1300 - 1399,-5.0,180.0,-6.1548213198271,-6.303279773201,290.79018399339,290.75456823479,57.289031,3.251122,60.061095,15.51595,134.432639,205.642521,270.0,2006-11-12T18:47:55.393,2006-11-12T18:47:55.464,"""847824494:19621""",2016-02-28T18:25:39,"""847824497:13177""",2016-02-28T18:25:39,0.000156323226145565,0.039664426740918,"(900 <NM>, 700 <NM>, 500 <NM>)",https://hirise-pds.lpl.arizona.edu/PDS/RDR/PSP/ORB_001300_001399/PSP_001390_1735/PSP_001390_1735_COLOR.JP2,https://hirise-pds.lpl.arizona.edu/PDS/RDR/PSP/ORB_001300_001399/PSP_001390_1735/PSP_001390_1735_COLOR.LBL,1776775122.0
62,PSP_001390_2290_UNFILTERED_COLOR.IMG,PRIMARY SCIENCE PHASE,1390,1300 - 1399,45.0,180.0,48.954790809996,48.800743423701,283.90765831728,283.84967879688,50.855121,2.616219,48.425207,15.33652,134.438485,161.615419,270.0,2006-11-12T19:05:11.418,2006-11-12T19:05:11.499,"""847825530:21944""",2016-02-28T18:26:25,"""847825533:27110""",2016-02-28T18:26:25,0.000205664782491896,0.030198494289404,"(900 <NM>, 700 <NM>, 500 <NM>)",https://hirise-pds.lpl.arizona.edu/PDS/RDR/PSP/ORB_001300_001399/PSP_001390_2290/PSP_001390_2290_COLOR.JP2,https://hirise-pds.lpl.arizona.edu/PDS/RDR/PSP/ORB_001300_001399/PSP_001390_2290/PSP_001390_2290_COLOR.LBL,2117939886.0
63,PSP_001390_2660_UNFILTERED_COLOR.IMG,PRIMARY SCIENCE PHASE,1390,1300 - 1399,90.0,0.0,86.264955705907,86.113567047787,233.71594794846,230.97622724738,68.499185,4.324608,72.013928,12.09962,134.442629,219.184095,37.653912,2006-11-12T19:17:25.385,2006-11-12T19:17:25.471,"""847826264:20114""",2016-02-28T19:05:58,"""847826268:38997""",2016-02-28T19:05:58,0.000158918493056394,0.046753818858042,"(900 <NM>, 700 <NM>, 500 <NM>)",https://hirise-pds.lpl.arizona.edu/PDS/RDR/PSP/ORB_001300_001399/PSP_001390_2660/PSP_001390_2660_COLOR.JP2,https://hirise-pds.lpl.arizona.edu/PDS/RDR/PSP/ORB_001300_001399/PSP_001390_2660/PSP_001390_2660_COLOR.LBL,5205278376.0
64,PSP_001391_2465_UNFILTERED_COLOR.IMG,PRIMARY SCIENCE PHASE,1391,1300 - 1399,90.0,0.0,66.02277609444,65.965740397715,256.03392523568,255.96498172042,58.48773,18.577026,42.361952,15.38332,134.478248,253.933694,14.000547,2006-11-12T21:02:39.634,2006-11-12T21:02:39.724,"""847832578:36639""",2016-02-28T18:07:59,"""847832579:56404""",2016-02-28T18:07:59,0.000100527236494122,0.047547133930252,"(900 <NM>, 700 <NM>, 500 <NM>)",https://hirise-pds.lpl.arizona.edu/PDS/RDR/PSP/ORB_001300_001399/PSP_001391_2465/PSP_001391_2465_COLOR.JP2,https://hirise-pds.lpl.arizona.edu/PDS/RDR/PSP/ORB_001300_001399/PSP_001391_2465/PSP_001391_2465_COLOR.LBL,689837190.0
65,PSP_001392_2490_UNFILTERED_COLOR.IMG,PRIMARY SCIENCE PHASE,1392,1300 - 1399,90.0,0.0,68.567317994743,68.522213545029,223.87207979248,223.79642342985,58.379856,0.272373,58.54456,15.07111,134.516487,279.85381,46.165748,2006-11-12T22:55:36.035,2006-11-12T22:55:36.120,"""847839354:62644""",2016-02-28T18:17:17,"""847839355:65282""",2016-02-28T18:17:17,0.000103833165747956,0.034670719401087,"(900 <NM>, 700 <NM>, 500 <NM>)",https://hirise-pds.lpl.arizona.edu/PDS/RDR/PSP/ORB_001300_001399/PSP_001392_2490/PSP_001392_2490_COLOR.JP2,https://hirise-pds.lpl.arizona.edu/PDS/RDR/PSP/ORB_001300_001399/PSP_001392_2490/PSP_001392_2490_COLOR.LBL,714836988.0
66,PSP_001394_1425_UNFILTERED_COLOR.IMG,PRIMARY SCIENCE PHASE,1394,1300 - 1399,-35.0,180.0,-37.154197396541,-37.40793440009,185.77203266571,185.71461510262,75.11335,1.605615,76.46071,15.63171,134.581197,215.836159,270.0,2006-11-13T02:06:39.677,2006-11-13T02:06:39.744,"""847850818:37969""",2016-02-28T18:36:59,"""847850823:28130""",2016-02-28T18:36:59,9.01596624395864e-05,0.0074677343553712,"(900 <NM>, 700 <NM>, 500 <NM>)",https://hirise-pds.lpl.arizona.edu/PDS/RDR/PSP/ORB_001300_001399/PSP_001394_1425/PSP_001394_1425_COLOR.JP2,https://hirise-pds.lpl.arizona.edu/PDS/RDR/PSP/ORB_001300_001399/PSP_001394_1425/PSP_001394_1425_COLOR.LBL,1002434580.0
67,PSP_001394_2650_UNFILTERED_COLOR.IMG,PRIMARY SCIENCE PHASE,1394,1300 - 1399,90.0,0.0,85.011376472794,84.834554075706,154.93620380908,153.97060482599,68.098511,8.793257,61.136452,14.16873,134.594204,329.073054,115.546596,2006-11-13T02:45:04.523,2006-11-13T02:45:04.612,"""847853123:29342""",2016-02-28T18:54:53,"""847853127:08738""",2016-02-28T18:54:53,0.000174314677867104,0.036954734197137,"(900 <NM>, 700 <NM>, 500 <NM>)",https://hirise-pds.lpl.arizona.edu/PDS/RDR/PSP/ORB_001300_001399/PSP_001394_2650/PSP_001394_2650_COLOR.JP2,https://hirise-pds.lpl.arizona.edu/PDS/RDR/PSP/ORB_001300_001399/PSP_001394_2650/PSP_001394_2650_COLOR.LBL,2253948444.0
68,PSP_001395_2485_UNFILTERED_COLOR.IMG,PRIMARY SCIENCE PHASE,1395,1300 - 1399,90.0,0.0,68.25283679583,68.207416777079,142.30831361091,142.23353696342,58.309501,0.27582,58.47476,15.08927,134.63038,1.850528,127.729075,2006-11-13T04:31:54.366,2006-11-13T04:31:54.452,"""847859533:18867""",2016-02-28T18:24:23,"""847859534:22186""",2016-02-28T18:24:23,0.000115100312388577,0.028890493259933,"(900 <NM>, 700 <NM>, 500 <NM>)",https://hirise-pds.lpl.arizona.edu/PDS/RDR/PSP/ORB_001300_001399/PSP_001395_2485/PSP_001395_2485_COLOR.JP2,https://hirise-pds.lpl.arizona.edu/PDS/RDR/PSP/ORB_001300_001399/PSP_001395_2485/PSP_001395_2485_COLOR.LBL,682076076.0
69,PSP_001398_2615_UNFILTERED_COLOR.IMG,PRIMARY SCIENCE PHASE,1398,1300 - 1399,90.0,0.0,81.619956713458,81.410485371255,47.605318608128,46.987022779435,65.464168,0.833087,66.217733,14.28296,134.745767,78.835124,222.703829,2006-11-13T10:12:28.571,2006-11-13T10:12:28.657,"""847879967:32327""",2016-02-28T19:32:42,"""847879971:50002""",2016-02-28T19:32:42,0.000306787985824301,0.040632468045454,"(900 <NM>, 700 <NM>, 500 <NM>)",https://hirise-pds.lpl.arizona.edu/PDS/RDR/PSP/ORB_001300_001399/PSP_001398_2615/PSP_001398_2615_COLOR.JP2,https://hirise-pds.lpl.arizona.edu/PDS/RDR/PSP/ORB_001300_001399/PSP_001398_2615/PSP_001398_2615_COLOR.LBL,7278796296.0
70,ESP_011261_1960_COLOR.IMG,EXTENDED SCIENCE PHASE,11261,11200 - 11299,15.0,180.0,15.902099496627,15.441337527105,72.90343418981,72.825335377614,57.508322,0.304172,57.31169,15.76432,177.316864,171.160856,270.0,2008-12-20T23:18:37.512,2008-12-20T23:18:37.560,"""914282338:05043""",2009-09-15T09:15:36,"""914282346:59127""",2009-09-15T09:15:36,0.000124096038249351,0.033396542300853,"(900 <NM>, 700 <NM>, 500 <NM>)",https://hirise-pds.lpl.arizona.edu/PDS/RDR/ESP/ORB_011200_011299/ESP_011261_1960/ESP_011261_1960_COLOR.JP2,https://hirise-pds.lpl.arizona.edu/PDS/RDR/ESP/ORB_011200_011299/ESP_011261_1960/ESP_011261_1960_COLOR.LBL,11714642622.0
71,ESP_011264_1090_COLOR.IMG,EXTENDED SCIENCE PHASE,11264,11200 - 11299,-90.0,0.0,-70.310639930118,-70.952091238183,4.3138375517729,3.9950483002201,82.427616,7.634024,88.878168,16.21016,177.4372,210.009835,274.154443,2008-12-21T04:28:27.805,2008-12-21T04:28:27.880,"""914300928:26090""",2009-09-15T07:25:4,"""914300940:28665""",2009-09-15T07:25:4,3.25645276159941e-05,0.026276335324793,"(900 <NM>, 700 <NM>, 500 <NM>)",https://hirise-pds.lpl.arizona.edu/PDS/RDR/ESP/ORB_011200_011299/ESP_011264_1090/ESP_011264_1090_COLOR.JP2,https://hirise-pds.lpl.arizona.edu/PDS/RDR/ESP/ORB_011200_011299/ESP_011264_1090/ESP_011264_1090_COLOR.LBL,3377054016.0
72,ESP_011265_1560_UNFILTERED_COLOR.IMG,EXTENDED SCIENCE PHASE,11265,11200 - 11299,-20.0,180.0,-23.622010189427,-24.090982396749,326.82167375431,326.74830567612,60.295685,22.004622,80.974559,15.77471,177.48643,195.602439,270.0,2008-12-21T06:35:13.512,2008-12-21T06:35:13.560,"""914308534:05087""",2011-05-14T13:52:21,"""914308542:63365""",2011-05-14T13:52:21,7.43721635539312e-05,0.049296870078116,"(900 <NM>, 700 <NM>, 500 <NM>)",https://hirise-pds.lpl.arizona.edu/PDS/RDR/ESP/ORB_011200_011299/ESP_011265_1560/ESP_011265_1560_COLOR.JP2,https://hirise-pds.lpl.arizona.edu/PDS/RDR/ESP/ORB_011200_011299/ESP_011265_1560/ESP_011265_1560_COLOR.LBL,10891145856.0
73,ESP_011268_2485_COLOR.IMG,EXTENDED SCIENCE PHASE,11268,11200 - 11299,90.0,0.0,68.426235633801,67.995761754401,234.34964384076,234.1578238456,76.128557,11.299965,66.382684,15.53269,177.628396,271.071539,35.746266,2008-12-21T12:40:35.441,2008-12-21T12:40:35.497,"""914330456:01019""",2009-09-15T14:22:19,"""914330464:27522""",2009-09-15T14:22:19,3.3486589516723e-05,0.037033806627453,"(900 <NM>, 700 <NM>, 500 <NM>)",https://hirise-pds.lpl.arizona.edu/PDS/RDR/ESP/ORB_011200_011299/ESP_011268_2485/ESP_011268_2485_COLOR.JP2,https://hirise-pds.lpl.arizona.edu/PDS/RDR/ESP/ORB_011200_011299/ESP_011268_2485/ESP_011268_2485_COLOR.LBL,31844782080.0
74,ESP_011273_1925_COLOR.IMG,EXTENDED SCIENCE PHASE,11273,11200 - 11299,10.0,180.0,12.303601888065,11.929518859344,105.13190996954,105.06444894836,56.703247,7.611686,64.312355,15.73827,177.839682,173.078348,270.0,2008-12-21T21:44:04.356,2008-12-21T21:44:04.404,"""914363064:60518""",2009-09-15T08:03:44,"""914363072:07371""",2009-09-15T08:03:44,0.000168310030855037,0.041391313745097,"(900 <NM>, 700 <NM>, 500 <NM>)",https://hirise-pds.lpl.arizona.edu/PDS/RDR/ESP/ORB_011200_011299/ESP_011273_1925/ESP_011273_1925_COLOR.JP2,https://hirise-pds.lpl.arizona.edu/PDS/RDR/ESP/ORB_011200_011299/ESP_011273_1925/ESP_011273_1925_COLOR.LBL,8380165500.0
75,ESP_011277_1825_COLOR.IMG,EXTENDED SCIENCE PHASE,11277,11200 - 11299,0.0,180.0,2.4040769326254,2.0386953573662,357.4967714783,357.43380918935,56.872482,3.89806,60.737639,15.79191,178.013041,179.560447,270.0,2008-12-22T05:09:43.638,2008-12-22T05:09:43.685,"""914389804:13395""",2009-09-15T10:44:31,"""914389811:13972""",2009-09-15T10:44:31,0.000142897105298362,0.048038165626362,"(900 <NM>, 700 <NM>, 500 <NM>)",https://hirise-pds.lpl.arizona.edu/PDS/RDR/ESP/ORB_011200_011299/ESP_011277_1825/ESP_011277_1825_COLOR.JP2,https://hirise-pds.lpl.arizona.edu/PDS/RDR/ESP/ORB_011200_011299/ESP_011277_1825/ESP_011277_1825_COLOR.LBL,7759974768.0
76,ESP_011279_1850_COLOR.IMG,EXTENDED SCIENCE PHASE,11279,11200 - 11299,0.0,180.0,5.1694349783154,4.6952840403048,301.40852929132,301.3233513524,55.682733,18.513453,74.135818,15.70781,178.100745,177.615226,270.0,2008-12-22T08:55:04.841,2008-12-22T08:55:04.890,"""914403325:26858""",2009-09-15T14:01:13,"""914403334:31344""",2009-09-15T14:01:13,0.000152072745676343,0.054947557766874,"(900 <NM>, 700 <NM>, 500 <NM>)",https://hirise-pds.lpl.arizona.edu/PDS/RDR/ESP/ORB_011200_011299/ESP_011279_1850/ESP_011279_1850_COLOR.JP2,https://hirise-pds.lpl.arizona.edu/PDS/RDR/ESP/ORB_011200_011299/ESP_011279_1850/ESP_011279_1850_COLOR.LBL,13622727096.0
77,ESP_011282_1975_COLOR.IMG,EXTENDED SCIENCE PHASE,11282,11200 - 11299,15.0,180.0,17.265150504885,16.871275091443,217.9515768575,217.8750679304,56.463469,17.819541,74.266715,15.66491,178.233228,169.328743,270.0,2008-12-22T14:35:25.144,2008-12-22T14:35:25.195,"""914423745:46894""",2009-09-15T12:33:38,"""914423753:19735""",2009-09-15T12:33:38,0.000208251053676865,0.04850603332838,"(900 <NM>, 700 <NM>, 500 <NM>)",https://hirise-pds.lpl.arizona.edu/PDS/RDR/ESP/ORB_011200_011299/ESP_011282_1975/ESP_011282_1975_COLOR.JP2,https://hirise-pds.lpl.arizona.edu/PDS/RDR/ESP/ORB_011200_011299/ESP_011282_1975/ESP_011282_1975_COLOR.LBL,9810711600.0
78,ESP_011283_2265_COLOR.IMG,EXTENDED SCIENCE PHASE,11283,11200 - 11299,45.0,180.0,46.309285120151,46.000076401738,188.54546356204,188.46549801985,66.067575,4.856619,61.659366,15.67227,178.280466,154.23778,269.999999,2008-12-22T16:36:44.696,2008-12-22T16:36:44.749,"""914431025:17669""",2009-09-15T09:42:16,"""914431031:21359""",2009-09-15T09:42:16,0.000124096038249348,0.040402143729446,"(900 <NM>, 700 <NM>, 500 <NM>)",https://hirise-pds.lpl.arizona.edu/PDS/RDR/ESP/ORB_011200_011299/ESP_011283_2265/ESP_011283_2265_COLOR.JP2,https://hirise-pds.lpl.arizona.edu/PDS/RDR/ESP/ORB_011200_011299/ESP_011283_2265/ESP_011283_2265_COLOR.LBL,5862525594.0
79,ESP_011286_2200_COLOR.IMG,EXTENDED SCIENCE PHASE,11286,11200 - 11299,35.0,180.0,39.822404906149,39.615668881836,105.67794090211,105.61393854107,62.41192,12.756884,74.760134,15.5785,178.410851,156.705393,270.0,2008-12-22T22:11:30.893,2008-12-22T22:11:30.979,"""914451111:32773""",2009-09-15T09:32:58,"""914451115:38722""",2009-09-15T09:32:58,0.000128976219528813,0.047919669427462,"(900 <NM>, 700 <NM>, 500 <NM>)",https://hirise-pds.lpl.arizona.edu/PDS/RDR/ESP/ORB_011200_011299/ESP_011286_2200/ESP_011286_2200_COLOR.JP2,https://hirise-pds.lpl.arizona.edu/PDS/RDR/ESP/ORB_011200_011299/ESP_011286_2200/ESP_011286_2200_COLOR.LBL,3641851524.0
80,ESP_011287_2165_COLOR.IMG,EXTENDED SCIENCE PHASE,11287,11200 - 11299,35.0,180.0,36.221216607802,35.825077084465,80.57903593409,80.496825826786,62.354388,2.882674,59.687605,15.70463,178.454082,158.847225,270.0,2008-12-23T00:02:26.897,2008-12-23T00:02:26.948,"""914457767:30759""",2009-09-15T08:23:45,"""914457775:09000""",2009-09-15T08:23:45,0.000173729955686153,0.035331005679268,"(900 <NM>, 700 <NM>, 500 <NM>)",https://hirise-pds.lpl.arizona.edu/PDS/RDR/ESP/ORB_011200_011299/ESP_011287_2165/ESP_011287_2165_COLOR.JP2,https://hirise-pds.lpl.arizona.edu/PDS/RDR/ESP/ORB_011200_011299/ESP_011287_2165/ESP_011287_2165_COLOR.LBL,2240808768.0
81,ESP_011288_1675_COLOR.IMG,EXTENDED SCIENCE PHASE,11288,11200 - 11299,-10.0,180.0,-12.149355753653,-12.366611399154,59.440898012855,59.39574916356,59.033972,2.72352,56.43654,15.87075,178.491892,188.201705,270.0,2008-12-23T01:39:30.902,2008-12-23T01:39:30.946,"""914463591:30612""",2009-09-15T08:00:27,"""914463595:43818""",2009-09-15T08:00:27,8.91701325949028e-05,0.043277110246604,"(900 <NM>, 700 <NM>, 500 <NM>)",https://hirise-pds.lpl.arizona.edu/PDS/RDR/ESP/ORB_011200_011299/ESP_011288_1675/ESP_011288_1675_COLOR.JP2,https://hirise-pds.lpl.arizona.edu/PDS/RDR/ESP/ORB_011200_011299/ESP_011288_1675/ESP_011288_1675_COLOR.LBL,814432752.0
82,ESP_011289_1950_COLOR.IMG,EXTENDED SCIENCE PHASE,11289,11200 - 11299,10.0,180.0,14.742635307937,14.507364234317,29.073203970859,29.024724866551,58.042777,5.642751,52.414218,15.8019,178.538877,171.546105,270.0,2008-12-23T03:40:04.732,2008-12-23T03:40:04.810,"""914470825:21729""",2009-09-15T08:10:15,"""914470829:60505""",2009-09-15T08:10:15,0.000158144860632364,0.047488751669416,"(900 <NM>, 700 <NM>, 500 <NM>)",https://hirise-pds.lpl.arizona.edu/PDS/RDR/ESP/ORB_011200_011299/ESP_011289_1950/ESP_011289_1950_COLOR.JP2,https://hirise-pds.lpl.arizona.edu/PDS/RDR/ESP/ORB_011200_011299/ESP_011289_1950/ESP_011289_1950_COLOR.LBL,946875198.0
83,ESP_011290_1800_COLOR.IMG,EXTENDED SCIENCE PHASE,11290,11200 - 11299,0.0,180.0,0.15739526397261,-0.071772295902998,2.5799353696447,2.5337464272531,56.752154,7.297304,63.983676,15.78332,178.580865,180.694203,270.0,2008-12-23T05:27:48.694,2008-12-23T05:27:48.741,"""914477289:17188""",2009-09-15T10:35:35,"""914477293:46919""",2009-09-15T10:35:35,0.00013275442439034,0.050197747044443,"(900 <NM>, 700 <NM>, 500 <NM>)",https://hirise-pds.lpl.arizona.edu/PDS/RDR/ESP/ORB_011200_011299/ESP_011290_1800/ESP_011290_1800_COLOR.JP2,https://hirise-pds.lpl.arizona.edu/PDS/RDR/ESP/ORB_011200_011299/ESP_011290_1800/ESP_011290_1800_COLOR.LBL,3570527232.0
84,ESP_011291_1680_COLOR.IMG,EXTENDED SCIENCE PHASE,11291,11200 - 11299,-10.0,180.0,-11.567084662874,-11.834773757391,337.2404007813,337.18922850274,58.716487,0.081953,58.731382,15.85525,178.62319,187.891544,270.0,2008-12-23T07:16:23.395,2008-12-23T07:16:23.440,"""914483803:63072""",2009-09-15T08:24:56,"""914483809:07470""",2009-09-15T08:24:56,8.46722696645118e-05,0.046152369124853,"(900 <NM>, 700 <NM>, 500 <NM>)",https://hirise-pds.lpl.arizona.edu/PDS/RDR/ESP/ORB_011200_011299/ESP_011291_1680/ESP_011291_1680_COLOR.JP2,https://hirise-pds.lpl.arizona.edu/PDS/RDR/ESP/ORB_011200_011299/ESP_011291_1680/ESP_011291_1680_COLOR.LBL,1137294276.0
85,ESP_011292_1720_COLOR.IMG,EXTENDED SCIENCE PHASE,11292,11200 - 11299,-5.0,180.0,-7.9149650436686,-8.2532428919488,307.50945669854,307.45458072039,56.183178,25.545822,81.218403,15.71313,178.667412,186.115426,270.0,2008-12-23T09:09:48.756,2008-12-23T09:09:48.805,"""914490609:21430""",2009-09-15T12:23:48,"""914490615:53147""",2009-09-15T12:23:48,8.23558702553684e-05,0.049021083612539,"(900 <NM>, 700 <NM>, 500 <NM>)",https://hirise-pds.lpl.arizona.edu/PDS/RDR/ESP/ORB_011200_011299/ESP_011292_1720/ESP_011292_1720_COLOR.JP2,https://hirise-pds.lpl.arizona.edu/PDS/RDR/ESP/ORB_011200_011299/ESP_011292_1720/ESP_011292_1720_COLOR.LBL,6237066498.0
86,ESP_011293_1710_COLOR.IMG,EXTENDED SCIENCE PHASE,11293,11200 - 11299,-5.0,180.0,-8.9949378407866,-9.2604929763035,282.29055253365,282.23970399503,58.246875,0.218419,58.465216,15.84562,178.711005,186.307981,270.0,2008-12-23T11:01:37.653,2008-12-23T11:01:37.698,"""914497318:14435""",2009-09-15T11:11:15,"""914497323:21557""",2009-09-15T11:11:15,9.43201856501886e-05,0.045802907664477,"(900 <NM>, 700 <NM>, 500 <NM>)",https://hirise-pds.lpl.arizona.edu/PDS/RDR/ESP/ORB_011200_011299/ESP_011293_1710/ESP_011293_1710_COLOR.JP2,https://hirise-pds.lpl.arizona.edu/PDS/RDR/ESP/ORB_011200_011299/ESP_011293_1710/ESP_011293_1710_COLOR.LBL,4537347426.0
87,ESP_011295_2205_COLOR.IMG,EXTENDED SCIENCE PHASE,11295,11200 - 11299,40.0,180.0,40.404009057076,40.202377533547,221.25533448546,221.19754086547,63.697045,0.382166,63.821068,15.66682,178.804535,156.124416,270.0,2008-12-23T15:01:28.189,2008-12-23T15:01:28.241,"""914511708:50052""",2009-09-15T09:05:15,"""914511712:49952""",2009-09-15T09:05:15,0.000187268523106616,0.031970742241235,"(900 <NM>, 700 <NM>, 500 <NM>)",https://hirise-pds.lpl.arizona.edu/PDS/RDR/ESP/ORB_011200_011299/ESP_011295_2205/ESP_011295_2205_COLOR.JP2,https://hirise-pds.lpl.arizona.edu/PDS/RDR/ESP/ORB_011200_011299/ESP_011295_2205/ESP_011295_2205_COLOR.LBL,2996458080.0
88,ESP_011296_0975_COLOR.IMG,EXTENDED SCIENCE PHASE,11296,11200 - 11299,-90.0,0.0,-81.798687610242,-82.592301898098,226.45217613085,224.15997154411,88.756483,0.229393,88.586954,17.14034,178.833427,58.151325,135.306074,2008-12-23T16:15:26.650,2008-12-23T16:15:26.723,"""914516147:16107""",2009-09-15T09:16:53,"""914516162:54412""",2009-09-15T09:16:53,6.34198673184381e-06,0.0058418693526105,"(900 <NM>, 700 <NM>, 500 <NM>)",https://hirise-pds.lpl.arizona.edu/PDS/RDR/ESP/ORB_011200_011299/ESP_011296_0975/ESP_011296_0975_COLOR.JP2,https://hirise-pds.lpl.arizona.edu/PDS/RDR/ESP/ORB_011200_011299/ESP_011296_0975/ESP_011296_0975_COLOR.LBL,5959592592.0
89,TRA_000823_1720_UNFILTERED_COLOR.IMG,TRANSITION,823,800 - 899,-5.0,180.0,-7.6980077202112,-7.7886419637063,279.50999589417,279.48101047633,59.634427,0.045905,59.661527,15.48567,113.547466,212.279566,270.0,2006-09-29T15:16:33.204,2006-09-29T15:16:33.275,"""844010212:05520""",2016-02-12T21:35:23,"""844010213:59520""",2016-02-12T21:35:23,0.000131967298377519,0.037516764659603,"(900 <NM>, 700 <NM>, 500 <NM>)",https://hirise-pds.lpl.arizona.edu/PDS/RDR/TRA/ORB_000800_000899/TRA_000823_1720/TRA_000823_1720_COLOR.JP2,https://hirise-pds.lpl.arizona.edu/PDS/RDR/TRA/ORB_000800_000899/TRA_000823_1720/TRA_000823_1720_COLOR.LBL,882682164.0
90,TRA_000825_2665_UNFILTERED_COLOR.IMG,TRANSITION,825,800 - 899,90.0,0.0,86.442652608567,86.389419451339,172.47604336666,171.61973607139,63.488756,0.086262,63.567652,12.44508,113.628715,284.823062,97.95211,2006-09-29T19:30:41.362,2006-09-29T19:30:41.449,"""844025460:16938""",2016-02-16T18:31:22,"""844025461:34012""",2016-02-16T18:31:22,0.000222869108200617,0.073577031345093,"(900 <NM>, 700 <NM>, 500 <NM>)",https://hirise-pds.lpl.arizona.edu/PDS/RDR/TRA/ORB_000800_000899/TRA_000825_2665/TRA_000825_2665_COLOR.JP2,https://hirise-pds.lpl.arizona.edu/PDS/RDR/TRA/ORB_000800_000899/TRA_000825_2665/TRA_000825_2665_COLOR.LBL,233186010.0
91,TRA_000827_1875_UNFILTERED_COLOR.IMG,TRANSITION,827,800 - 899,5.0,180.0,7.4939953059984,7.4224826683304,168.55023645389,168.52299258848,51.848189,0.134024,51.797155,15.4401,113.692366,203.297243,270.0,2006-09-29T22:49:44.503,2006-09-29T22:49:44.576,"""844037403:25302""",2016-02-16T18:17:00,"""844037404:58595""",2016-02-16T18:17:00,0.000175236739767838,0.049291899939577,"(900 <NM>, 700 <NM>, 500 <NM>)",https://hirise-pds.lpl.arizona.edu/PDS/RDR/TRA/ORB_000800_000899/TRA_000827_1875/TRA_000827_1875_COLOR.JP2,https://hirise-pds.lpl.arizona.edu/PDS/RDR/TRA/ORB_000800_000899/TRA_000827_1875/TRA_000827_1875_COLOR.LBL,163693224.0
92,TRA_000827_2640_UNFILTERED_COLOR.IMG,TRANSITION,827,800 - 899,90.0,0.0,83.981037366759,83.479575888863,140.6004928302,138.48162014994,61.588338,0.114878,61.676391,13.90014,113.700115,340.43487,130.458944,2006-09-29T23:13:53.798,2006-09-29T23:13:53.917,"""844038852:47632""",2016-02-16T19:31:58,"""844038863:19188""",2016-02-16T19:31:58,0.000142312383117407,0.044857636791028,"(900 <NM>, 700 <NM>, 500 <NM>)",https://hirise-pds.lpl.arizona.edu/PDS/RDR/TRA/ORB_000800_000899/TRA_000827_2640/TRA_000827_2640_COLOR.JP2,https://hirise-pds.lpl.arizona.edu/PDS/RDR/TRA/ORB_000800_000899/TRA_000827_2640/TRA_000827_2640_COLOR.LBL,7249971036.0
93,TRA_000828_1805_UNFILTERED_COLOR.IMG,TRANSITION,828,800 - 899,0.0,180.0,0.50319813391645,0.45573789626895,142.09457919803,142.07076186446,55.15588,0.049151,55.136125,15.46076,113.727541,207.968845,270.0,2006-09-30T00:39:44.057,2006-09-30T00:39:44.130,"""844044002:61556""",2016-02-16T18:29:44,"""844044003:64870""",2016-02-16T18:29:44,0.000204202977039523,0.031965727124067,"(900 <NM>, 700 <NM>, 500 <NM>)",https://hirise-pds.lpl.arizona.edu/PDS/RDR/TRA/ORB_000800_000899/TRA_000828_1805/TRA_000828_1805_COLOR.JP2,https://hirise-pds.lpl.arizona.edu/PDS/RDR/TRA/ORB_000800_000899/TRA_000828_1805/TRA_000828_1805_COLOR.LBL,381341664.0
94,TRA_000828_2495_UNFILTERED_COLOR.IMG,TRANSITION,828,800 - 899,90.0,0.0,69.08451793991,69.028313307902,130.29103782741,130.20843285311,53.466825,0.269064,53.626159,15.02283,113.73446,14.366948,139.750265,2006-09-30T01:01:21.898,2006-09-30T01:01:21.985,"""844045300:52071""",2016-02-16T18:36:52,"""844045302:01335""",2016-02-16T18:36:52,0.000135340695575308,0.04025393914589,"(900 <NM>, 700 <NM>, 500 <NM>)",https://hirise-pds.lpl.arizona.edu/PDS/RDR/TRA/ORB_000800_000899/TRA_000828_2495/TRA_000828_2495_COLOR.JP2,https://hirise-pds.lpl.arizona.edu/PDS/RDR/TRA/ORB_000800_000899/TRA_000828_2495/TRA_000828_2495_COLOR.LBL,1004696640.0
95,TRA_000830_1440_UNFILTERED_COLOR.IMG,TRANSITION,830,800 - 899,-35.0,180.0,-35.418685207661,-35.463641246726,92.134570523232,92.107019047866,77.451775,0.276673,77.632762,15.58704,113.795702,220.25115,270.0,2006-09-30T04:12:50.457,2006-09-30T04:12:50.525,"""844056789:21934""",2016-02-16T18:17:36,"""844056790:21098""",2016-02-16T18:17:36,2.45718251886984e-05,0.032825138292039,"(900 <NM>, 700 <NM>, 500 <NM>)",https://hirise-pds.lpl.arizona.edu/PDS/RDR/TRA/ORB_000800_000899/TRA_000830_1440/TRA_000830_1440_COLOR.JP2,https://hirise-pds.lpl.arizona.edu/PDS/RDR/TRA/ORB_000800_000899/TRA_000830_1440/TRA_000830_1440_COLOR.LBL,85258320.0
96,TRA_000831_2220_UNFILTERED_COLOR.IMG,TRANSITION,831,800 - 899,40.0,180.0,41.611332061856,41.559141649413,54.857343568812,54.822396082487,45.208414,0.380283,45.270747,15.30962,113.839241,171.716929,270.0,2006-09-30T06:28:56.851,2006-09-30T06:28:56.931,"""844064955:48562""",2016-02-16T18:34:51,"""844064956:57913""",2016-02-16T18:34:51,0.00023332663951377,0.029153955581081,"(900 <NM>, 700 <NM>, 500 <NM>)",https://hirise-pds.lpl.arizona.edu/PDS/RDR/TRA/ORB_000800_000899/TRA_000831_2220/TRA_000831_2220_COLOR.JP2,https://hirise-pds.lpl.arizona.edu/PDS/RDR/TRA/ORB_000800_000899/TRA_000831_2220/TRA_000831_2220_COLOR.LBL,469085310.0
97,TRA_000832_2220_UNFILTERED_COLOR.IMG,TRANSITION,832,800 - 899,40.0,180.0,41.454623292599,41.401917021635,27.657796760322,27.622747004783,45.238587,0.381895,45.299274,15.31404,113.875088,171.890646,270.0,2006-09-30T08:20:59.899,2006-09-30T08:20:59.980,"""844071678:51756""",2016-02-16T18:23:06,"""844071679:63752""",2016-02-16T18:23:06,0.000116195542012129,0.039761915671004,"(900 <NM>, 700 <NM>, 500 <NM>)",https://hirise-pds.lpl.arizona.edu/PDS/RDR/TRA/ORB_000800_000899/TRA_000832_2220/TRA_000832_2220_COLOR.JP2,https://hirise-pds.lpl.arizona.edu/PDS/RDR/TRA/ORB_000800_000899/TRA_000832_2220/TRA_000832_2220_COLOR.LBL,118776048.0
98,TRA_000832_2670_UNFILTERED_COLOR.IMG,TRANSITION,832,800 - 899,90.0,0.0,86.968071047761,86.9199639114,330.58753713701,329.51855949397,64.047181,0.074086,64.117616,11.71538,113.879831,115.573011,299.946952,2006-09-30T08:35:49.348,2006-09-30T08:35:49.435,"""844072568:16055""",2016-02-16T18:35:21,"""844072569:33535""",2016-02-16T18:35:21,0.000238541911581545,0.056908880133778,"(900 <NM>, 700 <NM>, 500 <NM>)",https://hirise-pds.lpl.arizona.edu/PDS/RDR/TRA/ORB_000800_000899/TRA_000832_2670/TRA_000832_2670_COLOR.JP2,https://hirise-pds.lpl.arizona.edu/PDS/RDR/TRA/ORB_000800_000899/TRA_000832_2670/TRA_000832_2670_COLOR.LBL,844111800.0
99,TRA_000833_1800_UNFILTERED_COLOR.IMG,TRANSITION,833,800 - 899,0.0,180.0,0.19982886725044,0.15255772926888,5.763406402649,5.739667566875,55.332321,0.045116,55.313943,15.46405,113.906827,208.10051,270.0,2006-09-30T10:00:12.018,2006-09-30T10:00:12.090,"""844077630:58985""",2016-02-16T18:23:06,"""844077631:60362""",2016-02-16T18:23:06,0.000151577980754003,0.027590565894423,"(900 <NM>, 700 <NM>, 500 <NM>)",https://hirise-pds.lpl.arizona.edu/PDS/RDR/TRA/ORB_000800_000899/TRA_000833_1800/TRA_000833_1800_COLOR.JP2,https://hirise-pds.lpl.arizona.edu/PDS/RDR/TRA/ORB_000800_000899/TRA_000833_1800/TRA_000833_1800_COLOR.LBL,94617936.0
100,TRA_000834_1835_UNFILTERED_COLOR.IMG,TRANSITION,834,800 - 899,0.0,180.0,3.3684403898305,3.3205272311387,338.08757765537,338.0634920129,53.761591,0.082798,53.728438,15.45472,113.943035,206.086331,270.0,2006-09-30T11:53:21.717,2006-09-30T11:53:21.791,"""844084420:39347""",2016-02-16T18:29:15,"""844084421:43423""",2016-02-16T18:29:15,9.08343418791385e-05,0.03869329315562,"(900 <NM>, 700 <NM>, 500 <NM>)",https://hirise-pds.lpl.arizona.edu/PDS/RDR/TRA/ORB_000800_000899/TRA_000834_1835/TRA_000834_1835_COLOR.JP2,https://hirise-pds.lpl.arizona.edu/PDS/RDR/TRA/ORB_000800_000899/TRA_000834_1835/TRA_000834_1835_COLOR.LBL,97349616.0
101,TRA_000835_1670_UNFILTERED_COLOR.IMG,TRANSITION,835,800 - 899,-10.0,180.0,-12.639139424944,-12.685404817364,312.71349413912,312.68979100153,62.506865,0.102544,62.567536,15.50152,113.977326,214.244125,270.0,2006-09-30T13:40:31.398,2006-09-30T13:40:31.468,"""844090850:18244""",2016-02-16T18:23:55,"""844090851:19699""",2016-02-16T18:23:55,0.000189157625537382,0.030431168738793,"(900 <NM>, 700 <NM>, 500 <NM>)",https://hirise-pds.lpl.arizona.edu/PDS/RDR/TRA/ORB_000800_000899/TRA_000835_1670/TRA_000835_1670_COLOR.JP2,https://hirise-pds.lpl.arizona.edu/PDS/RDR/TRA/ORB_000800_000899/TRA_000835_1670/TRA_000835_1670_COLOR.LBL,91078272.0
102,TRA_000836_1740_UNFILTERED_COLOR.IMG,TRANSITION,836,800 - 899,-5.0,180.0,-5.6767154691998,-5.7227583942769,284.58397706693,284.56069044211,58.449592,0.028074,58.466441,15.48007,114.013898,211.291128,270.0,2006-09-30T15:34:48.069,2006-09-30T15:34:48.139,"""844097706:62188""",2016-02-16T18:32:16,"""844097707:61634""",2016-02-16T18:32:16,0.000163182467114397,0.042871920264521,"(900 <NM>, 700 <NM>, 500 <NM>)",https://hirise-pds.lpl.arizona.edu/PDS/RDR/TRA/ORB_000800_000899/TRA_000836_1740/TRA_000836_1740_COLOR.JP2,https://hirise-pds.lpl.arizona.edu/PDS/RDR/TRA/ORB_000800_000899/TRA_000836_1740/TRA_000836_1740_COLOR.LBL,360261000.0
103,TRA_000838_1945_UNFILTERED_COLOR.IMG,TRANSITION,838,800 - 899,10.0,180.0,14.272909529742,14.225412191794,227.61832854721,227.59371696493,49.151771,0.202141,49.09083,15.4198,114.087638,197.818098,270.0,2006-09-30T19:25:11.555,2006-09-30T19:25:11.627,"""844111530:28674""",2016-02-16T18:23:51,"""844111531:32241""",2016-02-16T18:23:51,0.000256198272514778,0.038677977932342,"(900 <NM>, 700 <NM>, 500 <NM>)",https://hirise-pds.lpl.arizona.edu/PDS/RDR/TRA/ORB_000800_000899/TRA_000838_1945/TRA_000838_1945_COLOR.JP2,https://hirise-pds.lpl.arizona.edu/PDS/RDR/TRA/ORB_000800_000899/TRA_000838_1945/TRA_000838_1945_COLOR.LBL,97083720.0
104,TRA_000840_1810_UNFILTERED_COLOR.IMG,TRANSITION,840,800 - 899,0.0,180.0,1.0147507149332,0.96697409276913,174.65836922257,174.63439368846,54.883916,0.052492,54.862123,15.45992,114.158101,207.558869,270.0,2006-09-30T23:05:18.465,2006-09-30T23:05:18.538,"""844124737:22816""",2016-02-16T18:23:27,"""844124738:26637""",2016-02-16T18:23:27,0.000187021140645442,0.044723510518444,"(900 <NM>, 700 <NM>, 500 <NM>)",https://hirise-pds.lpl.arizona.edu/PDS/RDR/TRA/ORB_000800_000899/TRA_000840_1810/TRA_000840_1810_COLOR.JP2,https://hirise-pds.lpl.arizona.edu/PDS/RDR/TRA/ORB_000800_000899/TRA_000840_1810/TRA_000840_1810_COLOR.LBL,96633570.0
105,TRA_000840_2750_UNFILTERED_COLOR.IMG,TRANSITION,840,800 - 899,90.0,0.0,84.754945898265,84.696966218216,16.11903770312,15.625432845174,68.133285,0.043842,68.154479,5.35437,114.167562,332.31031,254.127765,2006-09-30T23:34:51.466,2006-09-30T23:34:51.553,"""844126510:23825""",2016-02-16T18:37:43,"""844126511:41710""",2016-02-16T18:37:43,0.000111816872449393,0.03936295747801,"(900 <NM>, 700 <NM>, 500 <NM>)",https://hirise-pds.lpl.arizona.edu/PDS/RDR/TRA/ORB_000800_000899/TRA_000840_2750/TRA_000840_2750_COLOR.JP2,https://hirise-pds.lpl.arizona.edu/PDS/RDR/TRA/ORB_000800_000899/TRA_000840_2750/TRA_000840_2750_COLOR.LBL,647896860.0
106,TRA_000841_1300_UNFILTERED_COLOR.IMG,TRANSITION,841,800 - 899,-45.0,180.0,-49.646709330649,-49.732081033999,154.19126649429,154.15008236254,87.321234,0.294061,87.518275,15.65971,114.188984,218.492928,270.0,2006-10-01T00:41:45.840,2006-10-01T00:41:45.906,"""844130524:46940""",2016-02-16T18:29:41,"""844130526:29461""",2016-02-16T18:29:41,3.13725939394411e-05,0.0056523069194097,"(900 <NM>, 700 <NM>, 500 <NM>)",https://hirise-pds.lpl.arizona.edu/PDS/RDR/TRA/ORB_000800_000899/TRA_000841_1300/TRA_000841_1300_COLOR.JP2,https://hirise-pds.lpl.arizona.edu/PDS/RDR/TRA/ORB_000800_000899/TRA_000841_1300/TRA_000841_1300_COLOR.LBL,52104996.0
107,TRA_000841_2460_UNFILTERED_COLOR.IMG,TRANSITION,841,800 - 899,90.0,0.0,65.999634193101,65.943784383423,136.7846769041,136.71375562934,52.125349,0.288171,52.28396,15.08546,114.200574,10.793929,133.250784,2006-10-01T01:17:57.891,2006-10-01T01:17:57.977,"""844132696:51601""",2016-02-16T18:46:19,"""844132698:02630""",2016-02-16T18:46:19,0.000116427181953039,0.039097291204027,"(900 <NM>, 700 <NM>, 500 <NM>)",https://hirise-pds.lpl.arizona.edu/PDS/RDR/TRA/ORB_000800_000899/TRA_000841_2460/TRA_000841_2460_COLOR.JP2,https://hirise-pds.lpl.arizona.edu/PDS/RDR/TRA/ORB_000800_000899/TRA_000841_2460/TRA_000841_2460_COLOR.LBL,990452610.0
108,TRA_000844_2145_UNFILTERED_COLOR.IMG,TRANSITION,844,800 - 899,30.0,180.0,34.225335721353,34.174162766399,61.281613912148,61.250894261091,45.076613,0.354391,45.086918,15.34566,114.305043,179.160139,270.0,2006-10-01T06:44:12.503,2006-10-01T06:44:12.582,"""844152271:25691""",2016-02-16T18:30:03,"""844152272:35199""",2016-02-16T18:30:03,0.000201729152427803,0.054043082510204,"(900 <NM>, 700 <NM>, 500 <NM>)",https://hirise-pds.lpl.arizona.edu/PDS/RDR/TRA/ORB_000800_000899/TRA_000844_2145/TRA_000844_2145_COLOR.JP2,https://hirise-pds.lpl.arizona.edu/PDS/RDR/TRA/ORB_000800_000899/TRA_000844_2145/TRA_000844_2145_COLOR.LBL,114459852.0
109,TRA_000845_2645_UNFILTERED_COLOR.IMG,TRANSITION,845,800 - 899,90.0,0.0,84.665361673852,84.60727676391,3.6002615140116,3.1151329747038,62.281543,0.102035,62.370655,13.56536,114.346114,111.153058,266.642303,2006-10-01T08:52:26.564,2006-10-01T08:52:26.651,"""844159965:30240""",2016-02-16T18:36:00,"""844159966:45981""",2016-02-16T18:36:00,8.8585410413947e-05,0.03407542724225,"(900 <NM>, 700 <NM>, 500 <NM>)",https://hirise-pds.lpl.arizona.edu/PDS/RDR/TRA/ORB_000800_000899/TRA_000845_2645/TRA_000845_2645_COLOR.JP2,https://hirise-pds.lpl.arizona.edu/PDS/RDR/TRA/ORB_000800_000899/TRA_000845_2645/TRA_000845_2645_COLOR.LBL,228628824.0
110,TRA_000846_2475_UNFILTERED_COLOR.IMG,TRANSITION,846,800 - 899,90.0,0.0,67.097166965598,67.041352107488,0.048723954769347,-0.025596551153683,52.669692,0.278236,52.827575,15.0686,114.3802,146.532468,269.988436,2006-10-01T10:38:51.593,2006-10-01T10:38:51.679,"""844166350:32082""",2016-02-16T18:40:36,"""844166351:48445""",2016-02-16T18:40:36,0.000140738131091776,0.040787205774917,"(900 <NM>, 700 <NM>, 500 <NM>)",https://hirise-pds.lpl.arizona.edu/PDS/RDR/TRA/ORB_000800_000899/TRA_000846_2475/TRA_000846_2475_COLOR.JP2,https://hirise-pds.lpl.arizona.edu/PDS/RDR/TRA/ORB_000800_000899/TRA_000846_2475/TRA_000846_2475_COLOR.LBL,584274492.0
111,TRA_000847_2055_UNFILTERED_COLOR.IMG,TRANSITION,847,800 - 899,25.0,180.0,25.366929304679,25.316483208874,340.70979068401,340.68189605475,46.170847,0.298271,46.135396,15.38631,114.411901,188.018655,270.0,2006-10-01T12:17:49.513,2006-10-01T12:17:49.591,"""844172288:26275""",2016-02-16T19:25:31,"""844172289:32754""",2016-02-16T19:25:31,0.000168624881260163,0.055424466173384,"(900 <NM>, 700 <NM>, 500 <NM>)",https://hirise-pds.lpl.arizona.edu/PDS/RDR/TRA/ORB_000800_000899/TRA_000847_2055/TRA_000847_2055_COLOR.JP2,https://hirise-pds.lpl.arizona.edu/PDS/RDR/TRA/ORB_000800_000899/TRA_000847_2055/TRA_000847_2055_COLOR.LBL,429303672.0
112,TRA_000848_2890_UNFILTERED_COLOR.IMG,TRANSITION,848,800 - 899,90.0,0.0,70.592522071685,70.483908839873,135.40164913317,135.2867514911,77.995188,0.180456,77.902357,3.94593,114.456329,188.700242,134.6558,2006-10-01T14:36:29.849,2006-10-01T14:36:29.935,"""844180608:48878""",2016-02-16T19:32:25,"""844180611:00449""",2016-02-16T19:32:25,4.06831702053409e-05,0.026870120699548,"(900 <NM>, 700 <NM>, 500 <NM>)",https://hirise-pds.lpl.arizona.edu/PDS/RDR/TRA/ORB_000800_000899/TRA_000848_2890/TRA_000848_2890_COLOR.JP2,https://hirise-pds.lpl.arizona.edu/PDS/RDR/TRA/ORB_000800_000899/TRA_000848_2890/TRA_000848_2890_COLOR.LBL,2803671000.0
113,TRA_000849_1675_UNFILTERED_COLOR.IMG,TRANSITION,849,800 - 899,-10.0,180.0,-12.33216231822,-12.378460755878,290.73086749402,290.70706654689,62.285923,0.106248,62.349106,15.50141,114.479972,214.050869,270.0,2006-10-01T15:50:18.294,2006-10-01T15:50:18.364,"""844185037:11436""",2016-02-16T18:34:02,"""844185038:12668""",2016-02-16T18:34:02,9.26109977366474e-05,0.042351022758553,"(900 <NM>, 700 <NM>, 500 <NM>)",https://hirise-pds.lpl.arizona.edu/PDS/RDR/TRA/ORB_000800_000899/TRA_000849_1675/TRA_000849_1675_COLOR.JP2,https://hirise-pds.lpl.arizona.edu/PDS/RDR/TRA/ORB_000800_000899/TRA_000849_1675/TRA_000849_1675_COLOR.LBL,91473984.0
114,TRA_000850_2640_UNFILTERED_COLOR.IMG,TRANSITION,850,800 - 899,90.0,0.0,84.03429236142,83.976456284818,229.68977853879,229.27358853841,61.856061,0.1082,61.949554,13.73171,114.525653,247.774093,40.518316,2006-10-01T18:12:52.294,2006-10-01T18:12:52.381,"""844193591:12535""",2016-02-16T18:39:51,"""844193592:29609""",2016-02-16T18:39:51,0.000194995851621016,0.036572172963456,"(900 <NM>, 700 <NM>, 500 <NM>)",https://hirise-pds.lpl.arizona.edu/PDS/RDR/TRA/ORB_000800_000899/TRA_000850_2640/TRA_000850_2640_COLOR.JP2,https://hirise-pds.lpl.arizona.edu/PDS/RDR/TRA/ORB_000800_000899/TRA_000850_2640/TRA_000850_2640_COLOR.LBL,164484864.0
115,TRA_000853_1450_UNFILTERED_COLOR.IMG,TRANSITION,853,800 - 899,-30.0,180.0,-34.713429397447,-34.757848408234,184.49377722729,184.46683423046,76.815671,0.285379,77.004415,15.58015,114.621435,218.770892,270.0,2006-10-01T23:11:45.346,2006-10-01T23:11:45.413,"""844211524:14675""",2016-02-16T18:36:58,"""844211525:13228""",2016-02-16T18:36:58,5.69339489728242e-05,0.010543647396809,"(900 <NM>, 700 <NM>, 500 <NM>)",https://hirise-pds.lpl.arizona.edu/PDS/RDR/TRA/ORB_000800_000899/TRA_000853_1450/TRA_000853_1450_COLOR.JP2,https://hirise-pds.lpl.arizona.edu/PDS/RDR/TRA/ORB_000800_000899/TRA_000853_1450/TRA_000853_1450_COLOR.LBL,87135576.0
116,TRA_000853_1900_UNFILTERED_COLOR.IMG,TRANSITION,853,800 - 899,10.0,180.0,10.068082928708,10.019320657459,178.9107791558,178.88589613785,50.758538,0.152555,50.705773,15.43392,114.625898,201.265409,270.0,2006-10-01T23:25:40.816,2006-10-01T23:25:40.891,"""844212359:45952""",2016-02-16T18:39:16,"""844212360:51448""",2016-02-16T18:39:16,0.000187246033791966,0.052277896203173,"(900 <NM>, 700 <NM>, 500 <NM>)",https://hirise-pds.lpl.arizona.edu/PDS/RDR/TRA/ORB_000800_000899/TRA_000853_1900/TRA_000853_1900_COLOR.JP2,https://hirise-pds.lpl.arizona.edu/PDS/RDR/TRA/ORB_000800_000899/TRA_000853_1900/TRA_000853_1900_COLOR.LBL,100745400.0
117,TRA_000854_1855_UNFILTERED_COLOR.IMG,TRANSITION,854,800 - 899,5.0,180.0,5.5528674521964,5.5047515485772,152.16434860484,152.14011253184,52.699383,0.097081,52.664287,15.44738,114.661394,204.490663,270.0,2006-10-02T01:16:25.503,2006-10-02T01:16:25.576,"""844219004:25349""",2016-02-16T18:47:52,"""844219005:29729""",2016-02-16T18:47:52,0.000190057198123453,0.041623695833395,"(900 <NM>, 700 <NM>, 500 <NM>)",https://hirise-pds.lpl.arizona.edu/PDS/RDR/TRA/ORB_000800_000899/TRA_000854_1855/TRA_000854_1855_COLOR.JP2,https://hirise-pds.lpl.arizona.edu/PDS/RDR/TRA/ORB_000800_000899/TRA_000854_1855/TRA_000854_1855_COLOR.LBL,391864800.0
118,TRA_000856_2265_UNFILTERED_COLOR.IMG,TRANSITION,856,800 - 899,45.0,180.0,46.051370782712,45.998377858611,92.061463157103,92.023216008671,45.889582,0.369026,45.980375,15.28463,114.737365,166.976192,270.0,2006-10-02T05:13:25.067,2006-10-02T05:13:25.149,"""844233223:62892""",2016-02-16T19:31:25,"""844233225:09657""",2016-02-16T19:31:25,9.79499610350148e-05,0.042266323501711,"(900 <NM>, 700 <NM>, 500 <NM>)",https://hirise-pds.lpl.arizona.edu/PDS/RDR/TRA/ORB_000800_000899/TRA_000856_2265/TRA_000856_2265_COLOR.JP2,https://hirise-pds.lpl.arizona.edu/PDS/RDR/TRA/ORB_000800_000899/TRA_000856_2265/TRA_000856_2265_COLOR.LBL,480624192.0
119,TRA_000856_2500_UNFILTERED_COLOR.IMG,TRANSITION,856,800 - 899,90.0,0.0,69.841017316259,69.733044989225,85.856870384101,85.74706112222,53.940154,0.249719,54.093573,14.99091,114.739783,57.786104,184.198034,2006-10-02T05:20:56.897,2006-10-02T05:20:56.982,"""844233675:51972""",2016-02-16T19:28:19,"""844233678:02322""",2016-02-16T19:28:19,0.000141390321216681,0.042067320054219,"(900 <NM>, 700 <NM>, 500 <NM>)",https://hirise-pds.lpl.arizona.edu/PDS/RDR/TRA/ORB_000800_000899/TRA_000856_2500/TRA_000856_2500_COLOR.JP2,https://hirise-pds.lpl.arizona.edu/PDS/RDR/TRA/ORB_000800_000899/TRA_000856_2500/TRA_000856_2500_COLOR.LBL,1159508496.0
120,TRA_000858_2630_UNFILTERED_COLOR.IMG,TRANSITION,858,800 - 899,90.0,0.0,82.908491239703,82.850534303541,16.317478375515,15.993443569486,61.210722,0.112315,61.304398,14.05277,114.813009,106.443735,253.844539,2006-10-02T09:09:20.650,2006-10-02T09:09:20.737,"""844247379:35917""",2016-02-16T19:25:29,"""844247380:53041""",2016-02-16T19:25:29,0.000155509112955157,0.095986409977024,"(900 <NM>, 700 <NM>, 500 <NM>)",https://hirise-pds.lpl.arizona.edu/PDS/RDR/TRA/ORB_000800_000899/TRA_000858_2630/TRA_000858_2630_COLOR.JP2,https://hirise-pds.lpl.arizona.edu/PDS/RDR/TRA/ORB_000800_000899/TRA_000858_2630/TRA_000858_2630_COLOR.LBL,940009152.0
121,TRA_000860_2585_UNFILTERED_COLOR.IMG,TRANSITION,860,800 - 899,90.0,0.0,78.635313345903,78.577916319056,330.67738463806,330.50614233572,58.72075,0.162597,58.841263,14.63074,114.884481,162.720228,299.408237,2006-10-02T12:52:13.165,2006-10-02T12:52:13.252,"""844260752:04134""",2016-02-16T18:40:02,"""844260753:21259""",2016-02-16T18:40:02,4.66203492734499e-05,0.03843673505407,"(900 <NM>, 700 <NM>, 500 <NM>)",https://hirise-pds.lpl.arizona.edu/PDS/RDR/TRA/ORB_000800_000899/TRA_000860_2585/TRA_000860_2585_COLOR.JP2,https://hirise-pds.lpl.arizona.edu/PDS/RDR/TRA/ORB_000800_000899/TRA_000860_2585/TRA_000860_2585_COLOR.LBL,174810360.0
122,TRA_000861_1530_UNFILTERED_COLOR.IMG,TRANSITION,861,800 - 899,-25.0,180.0,-26.695487921278,-26.740762441056,325.17787300726,325.15259232542,71.3802,0.242471,71.535494,15.55077,114.909822,218.326335,270.0,2006-10-02T14:11:14.207,2006-10-02T14:11:14.276,"""844265493:05670""",2016-02-16T19:22:21,"""844265494:03877""",2016-02-16T19:22:21,7.15924842629529e-05,0.016062943513644,"(900 <NM>, 700 <NM>, 500 <NM>)",https://hirise-pds.lpl.arizona.edu/PDS/RDR/TRA/ORB_000800_000899/TRA_000861_1530/TRA_000861_1530_COLOR.JP2,https://hirise-pds.lpl.arizona.edu/PDS/RDR/TRA/ORB_000800_000899/TRA_000861_1530/TRA_000861_1530_COLOR.LBL,87314808.0
123,TRA_000861_2580_UNFILTERED_COLOR.IMG,TRANSITION,861,800 - 899,90.0,0.0,78.000865669453,77.94352959253,303.95931789797,303.79847420496,58.343278,0.165268,58.464462,14.66594,114.920385,190.264713,326.121104,2006-10-02T14:44:10.102,2006-10-02T14:44:10.188,"""844267468:65501""",2016-02-16T19:27:15,"""844267470:17140""",2016-02-16T19:27:15,6.63119931826798e-05,0.025007492689994,"(900 <NM>, 700 <NM>, 500 <NM>)",https://hirise-pds.lpl.arizona.edu/PDS/RDR/TRA/ORB_000800_000899/TRA_000861_2580/TRA_000861_2580_COLOR.JP2,https://hirise-pds.lpl.arizona.edu/PDS/RDR/TRA/ORB_000800_000899/TRA_000861_2580/TRA_000861_2580_COLOR.LBL,972477000.0
124,TRA_000861_2940_UNFILTERED_COLOR.IMG,TRANSITION,861,800 - 899,90.0,0.0,65.688001153244,65.632670073389,138.76158203659,138.69207445093,81.487499,0.228288,81.357752,3.84061,114.924039,183.238607,131.273172,2006-10-02T14:55:33.619,2006-10-02T14:55:33.704,"""844268152:33755""",2016-02-16T18:47:40,"""844268153:50036""",2016-02-16T18:47:40,1.79622156124971e-05,0.018215622961059,"(900 <NM>, 700 <NM>, 500 <NM>)",https://hirise-pds.lpl.arizona.edu/PDS/RDR/TRA/ORB_000800_000899/TRA_000861_2940/TRA_000861_2940_COLOR.JP2,https://hirise-pds.lpl.arizona.edu/PDS/RDR/TRA/ORB_000800_000899/TRA_000861_2940/TRA_000861_2940_COLOR.LBL,250555308.0
125,TRA_000862_1710_UNFILTERED_COLOR.IMG,TRANSITION,862,800 - 899,-5.0,180.0,-8.7745901232246,-8.8197273058885,295.65013925239,295.62718059996,60.161117,0.075468,60.205509,15.49149,114.94757,212.407501,270.0,2006-10-02T16:08:55.492,2006-10-02T16:08:55.560,"""844272554:24323""",2016-02-16T19:22:23,"""844272555:23981""",2016-02-16T19:22:23,0.000196309227596692,0.043756987242648,"(900 <NM>, 700 <NM>, 500 <NM>)",https://hirise-pds.lpl.arizona.edu/PDS/RDR/TRA/ORB_000800_000899/TRA_000862_1710/TRA_000862_1710_COLOR.JP2,https://hirise-pds.lpl.arizona.edu/PDS/RDR/TRA/ORB_000800_000899/TRA_000862_1710/TRA_000862_1710_COLOR.LBL,348221676.0
126,TRA_000863_2640_UNFILTERED_COLOR.IMG,TRANSITION,863,800 - 899,90.0,0.0,83.892438565011,83.786398988161,235.86570361012,235.24850728622,61.834819,0.103777,61.926042,13.77996,114.992929,242.490447,34.442895,2006-10-02T18:30:19.112,2006-10-02T18:30:19.199,"""844281038:00630""",2016-02-16T18:53:43,"""844281040:18443""",2016-02-16T18:53:43,0.000140353563811223,0.038636311979085,"(900 <NM>, 700 <NM>, 500 <NM>)",https://hirise-pds.lpl.arizona.edu/PDS/RDR/TRA/ORB_000800_000899/TRA_000863_2640/TRA_000863_2640_COLOR.JP2,https://hirise-pds.lpl.arizona.edu/PDS/RDR/TRA/ORB_000800_000899/TRA_000863_2640/TRA_000863_2640_COLOR.LBL,344854578.0
127,TRA_000865_1905_UNFILTERED_COLOR.IMG,TRANSITION,865,800 - 899,10.0,180.0,10.184109900721,10.135569230159,211.53611540513,211.51132483229,50.715098,0.143804,50.667079,15.4344,115.057334,201.061607,270.0,2006-10-02T21:51:04.914,2006-10-02T21:51:04.988,"""844293083:52370""",2016-02-16T19:29:47,"""844293084:57461""",2016-02-16T19:29:47,0.000239398754469789,0.048183649002846,"(900 <NM>, 700 <NM>, 500 <NM>)",https://hirise-pds.lpl.arizona.edu/PDS/RDR/TRA/ORB_000800_000899/TRA_000865_1905/TRA_000865_1905_COLOR.JP2,https://hirise-pds.lpl.arizona.edu/PDS/RDR/TRA/ORB_000800_000899/TRA_000865_1905/TRA_000865_1905_COLOR.LBL,399615096.0
128,TRA_000865_2615_UNFILTERED_COLOR.IMG,TRANSITION,865,800 - 899,90.0,0.0,81.64083437192,81.582897796565,188.99831448472,188.7403622235,60.492529,0.126356,60.594532,14.29155,115.064601,297.898102,81.130662,2006-10-02T22:13:43.816,2006-10-02T22:13:43.903,"""844294442:46817""",2016-02-16T19:23:52,"""844294443:64043""",2016-02-16T19:23:52,9.38703993571552e-05,0.03712738466572,"(900 <NM>, 700 <NM>, 500 <NM>)",https://hirise-pds.lpl.arizona.edu/PDS/RDR/TRA/ORB_000800_000899/TRA_000865_2615/TRA_000865_2615_COLOR.JP2,https://hirise-pds.lpl.arizona.edu/PDS/RDR/TRA/ORB_000800_000899/TRA_000865_2615/TRA_000865_2615_COLOR.LBL,214275744.0
129,TRA_000866_1420_UNFILTERED_COLOR.IMG,TRANSITION,866,800 - 899,-35.0,180.0,-37.598237674712,-37.642651739746,190.26858063531,190.24062445402,78.749802,0.303574,78.95181,15.59453,115.088546,219.558976,270.0,2006-10-02T23:28:21.642,2006-10-02T23:28:21.709,"""844298920:34112""",2016-02-16T19:23:09,"""844298921:32894""",2016-02-16T19:23:09,3.75504086743271e-05,0.008266597541506,"(900 <NM>, 700 <NM>, 500 <NM>)",https://hirise-pds.lpl.arizona.edu/PDS/RDR/TRA/ORB_000800_000899/TRA_000866_1420/TRA_000866_1420_COLOR.JP2,https://hirise-pds.lpl.arizona.edu/PDS/RDR/TRA/ORB_000800_000899/TRA_000866_1420/TRA_000866_1420_COLOR.LBL,85462560.0
130,TRA_000866_1950_UNFILTERED_COLOR.IMG,TRANSITION,866,800 - 899,10.0,180.0,14.051760517466,14.002554400027,183.77765174552,183.75222624247,49.255445,0.187139,49.201543,15.42249,115.0937,197.761579,270.0,2006-10-02T23:44:25.445,2006-10-02T23:44:25.520,"""844299884:21716""",2016-02-16T19:24:40,"""844299885:27924""",2016-02-16T19:24:40,0.00017975709201287,0.061915894401089,"(900 <NM>, 700 <NM>, 500 <NM>)",https://hirise-pds.lpl.arizona.edu/PDS/RDR/TRA/ORB_000800_000899/TRA_000866_1950/TRA_000866_1950_COLOR.JP2,https://hirise-pds.lpl.arizona.edu/PDS/RDR/TRA/ORB_000800_000899/TRA_000866_1950/TRA_000866_1950_COLOR.LBL,103909062.0
131,TRA_000867_1875_UNFILTERED_COLOR.IMG,TRANSITION,867,800 - 899,5.0,180.0,7.3930975909241,7.3448667435855,157.29736636563,157.27293727104,51.877802,0.112622,51.836642,15.44274,115.12902,203.015173,270.0,2006-10-03T01:34:29.600,2006-10-03T01:34:29.674,"""844306488:31774""",2016-02-16T19:23:56,"""844306489:36408""",2016-02-16T19:23:56,0.000187403458994532,0.059580648946262,"(900 <NM>, 700 <NM>, 500 <NM>)",https://hirise-pds.lpl.arizona.edu/PDS/RDR/TRA/ORB_000800_000899/TRA_000867_1875/TRA_000867_1875_COLOR.JP2,https://hirise-pds.lpl.arizona.edu/PDS/RDR/TRA/ORB_000800_000899/TRA_000867_1875/TRA_000867_1875_COLOR.LBL,98978580.0
132,TRA_000869_1605_UNFILTERED_COLOR.IMG,TRANSITION,869,800 - 899,-15.0,180.0,-19.131341423084,-19.176195307623,105.98678410225,105.96294185583,66.450774,0.18853,66.566561,15.52631,115.198344,215.986058,270.0,2006-10-03T05:10:30.565,2006-10-03T05:10:30.633,"""844319449:29102""",2016-02-16T19:27:46,"""844319450:28252""",2016-02-16T19:27:46,6.50795787397534e-05,0.017135611856735,"(900 <NM>, 700 <NM>, 500 <NM>)",https://hirise-pds.lpl.arizona.edu/PDS/RDR/TRA/ORB_000800_000899/TRA_000869_1605/TRA_000869_1605_COLOR.JP2,https://hirise-pds.lpl.arizona.edu/PDS/RDR/TRA/ORB_000800_000899/TRA_000869_1605/TRA_000869_1605_COLOR.LBL,348207774.0
133,TRA_000870_1995_UNFILTERED_COLOR.IMG,TRANSITION,870,800 - 899,15.0,180.0,19.338806919386,19.290089073476,73.972393737038,73.946442393958,47.573475,0.266524,47.515108,15.40458,115.238166,193.140228,270.0,2006-10-03T07:14:34.450,2006-10-03T07:14:34.524,"""844326893:21993""",2016-02-16T19:24:46,"""844326894:27439""",2016-02-16T19:24:46,0.000101656200089653,0.050039206371873,"(900 <NM>, 700 <NM>, 500 <NM>)",https://hirise-pds.lpl.arizona.edu/PDS/RDR/TRA/ORB_000800_000899/TRA_000870_1995/TRA_000870_1995_COLOR.JP2,https://hirise-pds.lpl.arizona.edu/PDS/RDR/TRA/ORB_000800_000899/TRA_000870_1995/TRA_000870_1995_COLOR.LBL,102927324.0
134,TRA_000871_2215_UNFILTERED_COLOR.IMG,TRANSITION,871,800 - 899,40.0,180.0,40.98145798793,40.929334422868,43.715256123802,43.680628206424,45.344769,0.394195,45.406563,15.31538,115.276321,172.003245,270.0,2006-10-03T09:13:26.218,2006-10-03T09:13:26.298,"""844334025:07187""",2016-02-16T19:27:26,"""844334026:18320""",2016-02-16T19:27:26,0.000217943948291848,0.022721067039413,"(900 <NM>, 700 <NM>, 500 <NM>)",https://hirise-pds.lpl.arizona.edu/PDS/RDR/TRA/ORB_000800_000899/TRA_000871_2215/TRA_000871_2215_COLOR.JP2,https://hirise-pds.lpl.arizona.edu/PDS/RDR/TRA/ORB_000800_000899/TRA_000871_2215/TRA_000871_2215_COLOR.LBL,116074620.0
135,TRA_000873_1415_UNFILTERED_COLOR.IMG,TRANSITION,873,800 - 899,-35.0,0.0,-38.137603674539,-38.224666315683,-0.5815672138171,-0.61601257216012,79.123555,0.278629,79.306351,15.59977,115.340391,219.339248,270.0,2006-10-03T12:33:00.248,2006-10-03T12:33:00.316,"""844345999:08336""",2016-02-16T19:31:08,"""844346000:58734""",2016-02-16T19:31:08,4.08001146415295e-05,0.0048227300762554,"(900 <NM>, 700 <NM>, 500 <NM>)",https://hirise-pds.lpl.arizona.edu/PDS/RDR/TRA/ORB_000800_000899/TRA_000873_1415/TRA_000873_1415_COLOR.JP2,https://hirise-pds.lpl.arizona.edu/PDS/RDR/TRA/ORB_000800_000899/TRA_000873_1415/TRA_000873_1415_COLOR.LBL,206390268.0
136,TRA_000873_1780_UNFILTERED_COLOR.IMG,TRANSITION,873,800 - 899,0.0,180.0,-1.9758293742274,-2.112910581734,354.51431062924,354.4798467057,56.191525,3.838853,59.31055,15.45493,115.343995,209.140336,270.0,2006-10-03T12:44:13.294,2006-10-03T12:44:13.366,"""844346672:11613""",2016-02-16T19:59:02,"""844346674:57602""",2016-02-16T19:59:02,0.000139726111932442,0.031380757560657,"(900 <NM>, 700 <NM>, 500 <NM>)",https://hirise-pds.lpl.arizona.edu/PDS/RDR/TRA/ORB_000800_000899/TRA_000873_1780/TRA_000873_1780_COLOR.JP2,https://hirise-pds.lpl.arizona.edu/PDS/RDR/TRA/ORB_000800_000899/TRA_000873_1780/TRA_000873_1780_COLOR.LBL,1593687096.0
137,TRA_000873_2015_UNFILTERED_COLOR.IMG,TRANSITION,873,800 - 899,20.0,180.0,21.382180284826,21.332227142749,351.93769866642,351.91089299686,47.09967,0.282987,47.047614,15.40208,115.346344,191.465135,270.0,2006-10-03T12:51:33.015,2006-10-03T12:51:33.092,"""844347111:59214""",2016-02-16T19:29:26,"""844347112:64801""",2016-02-16T19:29:26,0.000216392185580865,0.046169303578786,"(900 <NM>, 700 <NM>, 500 <NM>)",https://hirise-pds.lpl.arizona.edu/PDS/RDR/TRA/ORB_000800_000899/TRA_000873_2015/TRA_000873_2015_COLOR.JP2,https://hirise-pds.lpl.arizona.edu/PDS/RDR/TRA/ORB_000800_000899/TRA_000873_2015/TRA_000873_2015_COLOR.LBL,423859296.0
138,TRA_000875_1765_UNFILTERED_COLOR.IMG,TRANSITION,875,800 - 899,0.0,180.0,-3.5081040453201,-3.6097293228239,298.26216039628,298.22941624863,55.408137,27.074922,77.979841,15.33678,115.415883,210.670407,270.0,2006-10-03T16:28:06.740,2006-10-03T16:28:06.819,"""844360105:41340""",2016-02-16T20:00:10,"""844360107:44463""",2016-02-16T20:00:10,0.000150379300283058,0.030639080203819,"(900 <NM>, 700 <NM>, 500 <NM>)",https://hirise-pds.lpl.arizona.edu/PDS/RDR/TRA/ORB_000800_000899/TRA_000875_1765/TRA_000875_1765_COLOR.JP2,https://hirise-pds.lpl.arizona.edu/PDS/RDR/TRA/ORB_000800_000899/TRA_000875_1765/TRA_000875_1765_COLOR.LBL,1122441480.0
139,TRA_000876_1715_UNFILTERED_COLOR.IMG,TRANSITION,876,800 - 899,-5.0,180.0,-8.3061605833179,-8.4002394775508,275.33827286816,275.30314698919,61.251104,21.992298,45.431491,15.60031,115.451355,211.402327,270.0,2006-10-03T18:18:34.257,2006-10-03T18:18:34.331,"""844366733:09315""",2016-02-16T19:46:40,"""844366735:04103""",2016-02-16T19:46:40,0.000129291069933944,0.034731710422423,"(900 <NM>, 700 <NM>, 500 <NM>)",https://hirise-pds.lpl.arizona.edu/PDS/RDR/TRA/ORB_000800_000899/TRA_000876_1715/TRA_000876_1715_COLOR.JP2,https://hirise-pds.lpl.arizona.edu/PDS/RDR/TRA/ORB_000800_000899/TRA_000876_1715/TRA_000876_1715_COLOR.LBL,277642782.0
140,TRA_000878_1410_UNFILTERED_COLOR.IMG,TRANSITION,878,800 - 899,-35.0,180.0,-38.847875647063,-38.934296250939,223.67081670619,223.63532638309,79.909586,5.644652,76.311982,15.63933,115.520324,218.717169,270.000001,2006-10-03T21:53:18.591,2006-10-03T21:53:18.657,"""844379617:30731""",2016-02-16T19:40:56,"""844379619:14490""",2016-02-16T19:40:56,5.5002116844225e-05,0.0067719127111093,"(900 <NM>, 700 <NM>, 500 <NM>)",https://hirise-pds.lpl.arizona.edu/PDS/RDR/TRA/ORB_000800_000899/TRA_000878_1410/TRA_000878_1410_COLOR.JP2,https://hirise-pds.lpl.arizona.edu/PDS/RDR/TRA/ORB_000800_000899/TRA_000878_1410/TRA_000878_1410_COLOR.LBL,211044000.0
141,TRA_000878_2660_UNFILTERED_COLOR.IMG,TRANSITION,878,800 - 899,90.0,0.0,85.771992576368,85.714679575939,180.98745527709,180.36457768617,63.453321,4.252297,60.142593,13.41133,115.53294,291.208245,89.323984,2006-10-03T22:32:35.358,2006-10-03T22:32:35.445,"""844381974:16811""",2016-02-16T19:47:51,"""844381975:32205""",2016-02-16T19:47:51,0.000189922262235542,0.046889748773661,"(900 <NM>, 700 <NM>, 500 <NM>)",https://hirise-pds.lpl.arizona.edu/PDS/RDR/TRA/ORB_000800_000899/TRA_000878_2660/TRA_000878_2660_COLOR.JP2,https://hirise-pds.lpl.arizona.edu/PDS/RDR/TRA/ORB_000800_000899/TRA_000878_2660/TRA_000878_2660_COLOR.LBL,891795054.0
142,TRA_000879_1390_UNFILTERED_COLOR.IMG,TRANSITION,879,800 - 899,-40.0,180.0,-40.598402405288,-40.698807500172,199.26590233495,199.21228016651,82.633486,31.278738,62.782877,15.8205,115.55614,218.148021,270.0,2006-10-03T23:44:48.410,2006-10-03T23:44:48.487,"""844386307:19572""",2016-02-16T19:34:42,"""844386309:21532""",2016-02-16T19:34:42,5.44916094016248e-05,0.0059721499523891,"(900 <NM>, 700 <NM>, 500 <NM>)",https://hirise-pds.lpl.arizona.edu/PDS/RDR/TRA/ORB_000800_000899/TRA_000879_1390/TRA_000879_1390_COLOR.JP2,https://hirise-pds.lpl.arizona.edu/PDS/RDR/TRA/ORB_000800_000899/TRA_000879_1390/TRA_000879_1390_COLOR.LBL,346174596.0
143,TRA_000880_1905_UNFILTERED_COLOR.IMG,TRANSITION,880,800 - 899,10.0,180.0,10.320236951552,10.225006164545,162.31111295105,162.28102913955,50.67701,0.170458,50.627766,15.43528,115.597283,200.830185,270.000001,2006-10-04T01:52:52.892,2006-10-04T01:52:52.966,"""844393991:50981""",2016-02-16T19:33:26,"""844393993:48061""",2016-02-16T19:33:26,0.000145460887168676,0.057531535041752,"(900 <NM>, 700 <NM>, 500 <NM>)",https://hirise-pds.lpl.arizona.edu/PDS/RDR/TRA/ORB_000800_000899/TRA_000880_1905/TRA_000880_1905_COLOR.JP2,https://hirise-pds.lpl.arizona.edu/PDS/RDR/TRA/ORB_000800_000899/TRA_000880_1905/TRA_000880_1905_COLOR.LBL,237860736.0
144,,,,800 - 899,,,,,,,,,,,,,,,,,,,,,,,https://hirise-pds.lpl.arizona.edu/PDS/RDR/TRA/ORB_000800_000899/TRA_000881_1750/TRA_000881_1750_COLOR.JP2,https://hirise-pds.lpl.arizona.edu/PDS/RDR/TRA/ORB_000800_000899/TRA_000881_1750/TRA_000881_1750_COLOR.LBL,
145,TRA_000881_2475_UNFILTERED_COLOR.IMG,TRANSITION,881,800 - 899,90.0,0.0,67.577517080622,67.404291443929,130.39850383051,130.30637789758,54.847953,23.128724,35.001854,15.41715,115.6391,21.399116,139.647559,2006-10-04T04:03:01.496,2006-10-04T04:03:01.589,"""844401800:26276""",2016-02-16T20:38:32,"""844401803:59178""",2016-02-16T20:38:32,0.00014993626078441,0.042453776437198,"(900 <NM>, 700 <NM>, 500 <NM>)",https://hirise-pds.lpl.arizona.edu/PDS/RDR/TRA/ORB_000800_000899/TRA_000881_2475/TRA_000881_2475_COLOR.JP2,https://hirise-pds.lpl.arizona.edu/PDS/RDR/TRA/ORB_000800_000899/TRA_000881_2475/TRA_000881_2475_COLOR.LBL,7012475658.0
146,TRA_000882_1595_UNFILTERED_COLOR.IMG,TRANSITION,882,800 - 899,-20.0,180.0,-20.292948020056,-20.337778200275,111.20334407998,111.17942814912,66.936484,3.711748,69.754537,15.51243,115.666289,216.978599,270.0,2006-10-04T05:27:39.857,2006-10-04T05:27:39.925,"""844406878:48279""",2016-02-16T19:53:26,"""844406879:47596""",2016-02-16T19:53:26,9.75698916174008e-05,0.015550022967584,"(900 <NM>, 700 <NM>, 500 <NM>)",https://hirise-pds.lpl.arizona.edu/PDS/RDR/TRA/ORB_000800_000899/TRA_000882_1595/TRA_000882_1595_COLOR.JP2,https://hirise-pds.lpl.arizona.edu/PDS/RDR/TRA/ORB_000800_000899/TRA_000882_1595/TRA_000882_1595_COLOR.LBL,339372900.0
147,TRA_000882_2705_UNFILTERED_COLOR.IMG,TRANSITION,882,800 - 899,90.0,0.0,89.433512315067,89.361071908195,22.347458276831,-10.944629009656,67.011975,22.282136,50.559558,9.0422,115.677429,39.754318,264.298585,2006-10-04T06:02:17.155,2006-10-04T06:02:17.248,"""844408956:03913""",2016-02-16T19:54:24,"""844408962:54247""",2016-02-16T19:54:24,0.000153039786206382,0.060439246001044,"(900 <NM>, 700 <NM>, 500 <NM>)",https://hirise-pds.lpl.arizona.edu/PDS/RDR/TRA/ORB_000800_000899/TRA_000882_2705/TRA_000882_2705_COLOR.JP2,https://hirise-pds.lpl.arizona.edu/PDS/RDR/TRA/ORB_000800_000899/TRA_000882_2705/TRA_000882_2705_COLOR.LBL,2745961620.0
148,TRA_000883_2005_UNFILTERED_COLOR.IMG,TRANSITION,883,800 - 899,20.0,180.0,20.4458867605,20.253915607588,78.523071302772,78.477386842064,46.701955,8.365601,54.564062,15.3572,115.706384,192.245879,270.0,2006-10-04T07:32:25.103,2006-10-04T07:32:25.179,"""844414363:64920""",2016-02-16T21:33:15,"""844414367:48804""",2016-02-16T21:33:15,0.000132349616726609,0.029456886649442,"(900 <NM>, 700 <NM>, 500 <NM>)",https://hirise-pds.lpl.arizona.edu/PDS/RDR/TRA/ORB_000800_000899/TRA_000883_2005/TRA_000883_2005_COLOR.JP2,https://hirise-pds.lpl.arizona.edu/PDS/RDR/TRA/ORB_000800_000899/TRA_000883_2005/TRA_000883_2005_COLOR.LBL,2776101552.0
149,TRA_000894_2475_UNFILTERED_COLOR.IMG,TRANSITION,894,800 - 899,90.0,0.0,67.572886031771,67.411438665838,130.38602412486,130.27016168429,53.188332,0.290498,53.353976,15.06141,116.107701,15.684921,139.671907,2006-10-05T04:20:38.750,2006-10-05T04:20:38.837,"""844489257:42525""",2016-02-16T20:38:51,"""844489260:58207""",2016-02-16T20:38:51,0.000152972318262421,0.033126760482288,"(900 <NM>, 700 <NM>, 500 <NM>)",https://hirise-pds.lpl.arizona.edu/PDS/RDR/TRA/ORB_000800_000899/TRA_000894_2475/TRA_000894_2475_COLOR.JP2,https://hirise-pds.lpl.arizona.edu/PDS/RDR/TRA/ORB_000800_000899/TRA_000894_2475/TRA_000894_2475_COLOR.LBL,5906243736.0
150,TRA_000896_2220_UNFILTERED_COLOR.IMG,TRANSITION,896,800 - 899,40.0,180.0,41.731939858272,41.679651610048,81.557019866874,81.521984501379,45.546117,0.388546,45.613355,15.31378,116.177206,171.164351,270.0,2006-10-05T07:56:43.245,2006-10-05T07:56:43.326,"""844502222:09042""",2016-02-16T19:47:11,"""844502223:20226""",2016-02-16T19:47:11,0.000119260835599182,0.046918580075045,"(900 <NM>, 700 <NM>, 500 <NM>)",https://hirise-pds.lpl.arizona.edu/PDS/RDR/TRA/ORB_000800_000899/TRA_000896_2220/TRA_000896_2220_COLOR.JP2,https://hirise-pds.lpl.arizona.edu/PDS/RDR/TRA/ORB_000800_000899/TRA_000896_2220/TRA_000896_2220_COLOR.LBL,471072384.0
151,TRA_000897_1275_UNFILTERED_COLOR.IMG,TRANSITION,897,800 - 899,-50.0,180.0,-52.063451727006,-52.151157327985,67.083486340566,67.038381880025,88.793981,0.276667,88.976107,15.69226,116.203855,219.186006,270.0,2006-10-05T09:19:32.810,2006-10-05T09:19:32.878,"""844507191:45237""",2016-02-16T19:35:57,"""844507193:30706""",2016-02-16T19:35:57,1.79239837775835e-06,0.0066797065210367,"(900 <NM>, 700 <NM>, 500 <NM>)",https://hirise-pds.lpl.arizona.edu/PDS/RDR/TRA/ORB_000800_000899/TRA_000897_1275/TRA_000897_1275_COLOR.JP2,https://hirise-pds.lpl.arizona.edu/PDS/RDR/TRA/ORB_000800_000899/TRA_000897_1275/TRA_000897_1275_COLOR.LBL,53250318.0
152,TRA_000898_1725_UNFILTERED_COLOR.IMG,TRANSITION,898,800 - 899,-5.0,180.0,-7.220460569256,-7.2663335862018,33.399306127955,33.376061478269,59.219375,0.032964,59.239762,15.49085,116.244387,211.471528,270.0,2006-10-05T11:25:31.258,2006-10-05T11:25:31.328,"""844514750:09192""",2016-02-16T19:40:12,"""844514751:08439""",2016-02-16T19:40:12,7.12461488173094e-05,0.028655749793597,"(900 <NM>, 700 <NM>, 500 <NM>)",https://hirise-pds.lpl.arizona.edu/PDS/RDR/TRA/ORB_000800_000899/TRA_000898_1725/TRA_000898_1725_COLOR.JP2,https://hirise-pds.lpl.arizona.edu/PDS/RDR/TRA/ORB_000800_000899/TRA_000898_1725/TRA_000898_1725_COLOR.LBL,89580330.0
